Aktivitätstyp,Datum,Favorit,Titel,Distanz,Kalorien,Zeit,Ø Herzfrequenz,Maximale Herzfrequenz,Aerober TE,Ø Schrittfrequenz (Laufen),Max. Schrittfrequenz (Laufen),Ø Pace,Beste Pace,Anstieg gesamt,Abstieg gesamt,Ø Schrittlänge,Durchschnittliches vertikales Verhältnis,Ø vertikale Bewegung,Ø Bodenkontaktzeit,Normalized Power® (NP®),Training Stress Score®,Ø Leistung,Max. Leistung,Grit,Flow,Schritte,Wiederholungen insgesamt,Sätze insgesamt,Body Battery Abnahme,Dekompression,Beste Rundenzeit,Anzahl der Runden,Zeit in Bewegung,Verstrichene Zeit,Minimale Höhe,Maximale Höhe
strength_training,2026-06-29 08:30:53,false,Krafttrai​ning,"0,00",302,00:44:18,115,142,"2,2"
mountain_biking,2026-06-27 10:51:40,false,Nassereith Mountainbiken,"24,20",670,01:33:14,120,158,"3,2"
strength_training,2026-06-26 08:31:07,false,Krafttrai​ning,"0,00",298,00:41:00,118,157,"2,5"
treadmill_running,2026-06-25 08:31:41,false,Laufbandtraining,"8,00",448,01:00:47,119,140,"2,6"
strength_training,2026-06-23 08:39:25,false,Krafttrai​ning,"0,00",266,00:46:18,106,140,"2,0"
walking,2026-06-20 08:00:31,false,Nassereith Gehen,"8,93",609,01:33:03,107,140,"2,7"
strength_training,2026-06-19 09:16:59,false,Krafttrai​ning,"0,00",227,00:41:45,105,123,"1,4"
strength_training,2026-06-18 07:58:33,false,Krafttrai​ning,"0,00",285,00:49:39,106,150,"2,0"
treadmill_running,2026-06-17 08:48:15,false,Laufbandtraining,"5,00",295,00:35:04,126,150,"2,7"
strength_training,2026-06-16 08:03:12,false,Krafttrai​ning,"0,00",346,00:57:49,109,144,"2,1"
walking,2026-06-13 07:00:22,false,Nassereith Gehen,"11,73",783,02:04:10,104,133,"2,9"
treadmill_running,2026-06-12 10:07:21,false,Laufbandtraining,"4,00",250,00:29:12,123,134,"2,5"
strength_training,2026-06-12 09:22:19,false,Krafttrai​ning,"0,00",210,00:34:52,107,141,"1,8"
strength_training,2026-06-11 08:00:06,false,Krafttrai​ning,"0,00",252,00:41:51,107,163,"2,0"
strength_training,2026-06-10 08:15:57,false,Krafttrai​ning,"0,00",271,00:43:48,110,139,"2,0"
strength_training,2026-06-08 08:56:17,false,Krafttrai​ning,"0,00",215,00:39:11,102,132,"1,3"
walking,2026-06-07 08:06:55,false,Nassereith Gehen,"10,09",684,01:46:36,106,135,"2,7"
strength_training,2026-06-06 08:56:19,false,Krafttrai​ning,"0,00",292,00:44:58,112,150,"2,0"
strength_training,2026-06-04 14:46:17,false,Krafttrai​ning,"0,00",183,00:36:28,99,123,"0,7"
treadmill_running,2026-06-03 07:45:03,false,Laufbandtraining,"8,00",438,00:58:50,122,144,"2,9"
strength_training,2026-06-02 13:09:44,false,Krafttrai​ning,"0,00",189,00:36:29,101,122,"0,9"
strength_training,2026-06-01 07:29:21,false,Krafttrai​ning,"0,00",260,00:52:25,100,148,"1,6"
walking,2026-05-31 06:40:55,false,Nassereith Gehen,"8,86",587,01:32:20,108,134,"2,5"
strength_training,2026-05-29 07:28:51,false,Krafttrai​ning,"0,00",219,00:42:23,101,135,"1,3"
strength_training,2026-05-28 13:13:18,false,Krafttrai​ning,"0,00",6,00:01:34,82,89,"0,0"
strength_training,2026-05-26 08:56:19,false,Krafttrai​ning,"0,00",212,00:38:34,105,130,"1,2"
strength_training,2026-05-25 09:01:38,false,Krafttrai​ning,"0,00",243,00:36:37,113,134,"2,0"
walking,2026-05-24 09:20:09,false,Nassereith Gehen,"12,64",883,02:11:05,123,146,"3,0"
strength_training,2026-05-23 11:07:52,false,Krafttrai​ning,"0,00",384,00:46:37,126,152,"2,7"
strength_training,2026-05-22 09:04:37,false,Krafttrai​ning,"0,00",239,00:34:55,114,147,"2,0"
strength_training,2026-05-21 08:38:08,false,Krafttrai​ning,"0,00",261,00:40:33,112,159,"2,0"
strength_training,2026-05-17 08:24:00,false,Krafttrai​ning,"0,00",360,00:48:38,121,143,"2,3"
Laufbandtraining,2026-05-16 10:15:28,false,Laufbandtraining,"5,00",312,00:33:46,137,177,"3,2",150,184,6:45,3:11,--,--,"0,98","9,0","8,4",304,313,"0,0",267,569,--,--,5.118,--,--,-8,Nein,"00:05:37,3",5,00:33:25,00:33:46,--,--
Gehen,2026-05-15 15:04:22,false,Nassereith Gehen,"3,40",267,00:43:51,111,129,"1,3",104,180,12:53,5:12,42,40,"0,74",--,--,--,--,"0,0",--,--,--,--,4.800,--,--,-4,Nein,"00:00:03,6",6,00:34:03,00:43:56,841,872
Krafttraining,2026-05-15 08:38:25,false,Krafttrai​ning,"0,00",377,00:45:57,125,156,"2,6",--,--,--,--,--,--,--,--,--,--,--,"0,0",--,--,--,--,640,320,32,-8,Nein,00:45:57,1,00:18:33,00:45:57,--,--
Krafttraining,2026-05-14 08:39:22,false,Krafttrai​ning,"0,00",325,00:42:27,119,156,"2,4",--,--,--,--,--,--,--,--,--,--,--,"0,0",--,--,--,--,630,302,32,-8,Nein,00:42:27,1,00:17:31,00:42:27,--,--
Gehen,2026-05-13 07:38:18,false,Nassereith Gehen,"13,90",1.026,02:35:40,120,144,"3,0",120,158,11:12,8:14,425,425,"0,74",--,--,--,--,"0,0",--,--,--,--,18.782,--,--,-20,Nein,"00:08:58,5",14,02:33:20,02:45:40,865,1.221
Krafttraining,2026-05-12 08:30:42,false,Krafttrai​ning,"0,00",389,00:49:58,123,156,"2,6",--,--,--,--,--,--,--,--,--,--,--,"0,0",--,--,--,--,656,328,40,-7,Nein,00:49:58,1,00:18:12,00:49:58,--,--
Krafttraining,2026-05-11 08:32:22,false,Krafttrai​ning,"0,00",362,00:44:40,124,149,"2,5",--,--,--,--,--,--,--,--,--,--,--,"0,0",--,--,--,--,560,280,31,-11,Nein,00:44:40,1,00:17:11,00:44:40,--,--
Gehen,2026-05-10 08:53:11,false,Nassereith Gehen,"10,16",728,01:43:41,122,144,"2,8",127,145,10:12,8:48,200,191,"0,77",--,--,--,--,"0,0",--,--,--,--,13.236,--,--,-15,Nein,"00:01:54,2",11,01:43:08,01:43:41,823,897
Krafttraining,2026-05-07 08:03:47,false,Krafttrai​ning,"0,00",383,00:49:08,123,141,"2,5",--,--,--,--,--,--,--,--,--,--,--,"0,0",--,--,--,--,460,230,27,-8,Nein,00:49:08,1,00:17:42,00:49:08,--,--
Krafttraining,2026-05-04 07:40:05,false,Krafttrai​ning,"0,00",452,00:47:02,134,157,"3,3",--,--,--,--,--,--,--,--,--,--,--,"0,0",--,--,--,--,422,211,23,-8,Nein,00:47:02,1,00:14:28,00:47:02,--,--
Krafttraining,2026-05-01 08:32:55,false,Krafttrai​ning,"0,00",401,00:56:13,119,157,"2,4",--,--,--,--,--,--,--,--,--,--,--,"0,0",--,--,--,--,628,314,42,-9,Nein,00:56:13,1,00:17:39,00:56:13,--,--
Krafttraining,2026-04-30 08:24:40,false,Krafttrai​ning,"0,00",330,00:45:48,117,143,"2,2",--,--,--,--,--,--,--,--,--,--,--,"0,0",--,--,--,--,630,315,33,-7,Nein,00:45:48,1,00:18:11,00:45:48,--,--
Laufbandtraining,2026-04-29 07:52:11,false,Laufbandtraining,"10,00",531,01:16:09,120,151,"2,6",149,195,7:37,5:17,--,--,"1,06","9,0","9,6",311,300,"0,0",297,366,--,--,11.520,--,--,-11,Nein,"00:06:04,6",12,01:15:32,01:16:09,--,--
Krafttraining,2026-04-28 07:37:30,false,Krafttrai​ning,"0,00",400,00:48:03,126,164,"2,9",--,--,--,--,--,--,--,--,--,--,--,"0,0",--,--,--,--,576,288,33,-9,Nein,00:48:03,1,00:16:12,00:48:03,--,--
Krafttraining,2026-04-27 09:00:15,false,Krafttrai​ning,"0,00",365,00:46:52,120,145,"2,4",--,--,--,--,--,--,--,--,--,--,--,"0,0",--,--,--,--,596,298,31,-7,Nein,00:46:52,1,00:18:17,00:46:52,--,--
Laufbandtraining,2026-04-26 10:12:25,false,Laufbandtraining,"6,00",367,00:41:34,128,148,"3,0",134,248,6:56,2:54,--,--,"1,03","8,3","8,0",312,272,"0,0",226,609,--,--,6.160,--,--,-9,Nein,"00:02:34,4",6,00:41:06,00:41:34,--,--
Krafttraining,2026-04-25 08:44:32,false,Krafttrai​ning,"0,00",452,00:53:19,128,154,"3,1",--,--,--,--,--,--,--,--,--,--,--,"0,0",--,--,--,--,494,247,30,-11,Nein,00:53:19,1,00:17:14,00:53:19,--,--
Gehen,2026-04-23 11:53:02,false,Nassereith Gehen,"8,76",614,01:26:46,117,141,"2,7",129,162,9:55,7:44,163,159,"0,78",--,--,--,--,"0,0",--,--,--,--,11.370,--,--,-10,Nein,"00:08:02,0",9,01:26:13,01:26:46,824,892
Krafttraining,2026-04-23 08:15:39,false,Krafttrai​ning,"0,00",323,00:44:50,117,154,"2,4",--,--,--,--,--,--,--,--,--,--,--,"0,0",--,--,--,--,440,220,26,-9,Nein,00:44:50,1,00:16:36,00:44:50,--,--
Krafttraining,2026-04-22 08:34:26,false,Krafttrai​ning,"0,00",358,00:42:06,127,146,"2,8",--,--,--,--,--,--,--,--,--,--,--,"0,0",--,--,--,--,320,160,24,-9,Nein,00:42:06,1,00:13:41,00:42:06,--,--
Krafttraining,2026-04-21 08:37:33,false,Krafttrai​ning,"0,00",542,01:05:57,129,171,"3,2",--,--,--,--,--,--,--,--,--,--,--,"0,0",--,--,--,--,864,432,46,-10,Nein,01:05:57,1,00:25:18,01:05:57,--,--
Laufbandtraining,2026-04-19 09:17:05,false,Laufbandtraining,"8,00",552,00:58:57,134,152,"3,4",139,231,7:22,3:22,--,--,"0,97","8,8","8,3",314,260,"0,0",236,563,--,--,8.630,--,--,-14,Nein,"00:05:18,6",8,00:58:37,00:58:57,--,--
Krafttraining,2026-04-18 12:52:30,false,Krafttrai​ning,"0,00",316,00:41:56,120,152,"2,4",--,--,--,--,--,--,--,--,--,--,--,"0,0",--,--,--,--,696,348,39,-5,Nein,00:41:56,1,00:16:50,00:41:56,--,--
Krafttraining,2026-04-17 08:58:43,false,Krafttrai​ning,"0,00",416,00:51:14,125,159,"2,8",--,--,--,--,--,--,--,--,--,--,--,"0,0",--,--,--,--,828,399,42,-11,Nein,00:51:14,1,00:21:05,00:51:14,--,--
Gehen,2026-04-16 09:19:38,false,Nassereith Gehen,"8,51",602,01:23:12,120,147,"2,9",130,144,9:47,8:16,144,138,"0,79",--,--,--,--,"0,0",--,--,--,--,10.876,--,--,-17,Nein,"00:05:40,4",9,01:22:25,01:23:12,821,887
Krafttraining,2026-04-11 09:01:56,false,Krafttrai​ning,"0,00",382,00:51:46,121,150,"2,5",--,--,--,--,--,--,--,--,--,--,--,"0,0",--,--,--,--,752,376,39,-9,Nein,00:51:46,1,00:17:38,00:51:46,--,--
Krafttraining,2026-04-08 08:33:02,false,Krafttrai​ning,"0,00",365,00:44:47,125,147,"2,7",--,--,--,--,--,--,--,--,--,--,--,"0,0",--,--,--,--,778,389,35,-6,Nein,00:44:47,1,00:18:13,00:44:47,--,--
Mountainbiken,2026-04-07 14:08:43,false,Nassereith Mountainbiken,"12,74",477,00:55:06,130,151,"3,1",--,--,"13,9","30,8",170,173,--,--,--,--,--,"0,0",--,--,"14,2","3,4",--,--,--,-8,Nein,00:14:25,3,00:54:56,00:55:06,809,886
Krafttraining,2026-04-06 07:52:49,false,Krafttrai​ning,"0,00",440,00:53:06,128,160,"3,0",--,--,--,--,--,--,--,--,--,--,--,"0,0",--,--,--,--,754,377,42,-8,Nein,00:53:06,1,00:20:08,00:53:06,--,--
Gehen,2026-04-05 09:14:01,false,Nassereith Gehen,"10,09",730,01:43:04,124,152,"3,0",129,143,10:13,8:51,205,205,"0,76",--,--,--,--,"0,0",--,--,--,--,13.396,--,--,-17,Nein,"00:00:02,4",13,01:42:20,01:43:04,819,889
Krafttraining,2026-04-03 08:58:48,false,Krafttrai​ning,"0,00",383,00:50:29,121,162,"2,5",--,--,--,--,--,--,--,--,--,--,--,"0,0",--,--,--,--,760,380,44,-9,Nein,00:50:29,1,00:17:30,00:50:29,--,--
Laufbandtraining,2026-04-02 08:59:48,false,Laufbandtraining,"8,00",524,00:59:58,128,155,"3,4",140,184,7:30,5:40,--,--,"1,02","8,7","8,8",318,271,"0,0",254,327,--,--,8.750,--,--,-12,Nein,"00:02:57,6",9,00:59:49,00:59:58,--,--
Krafttraining,2026-04-01 13:58:35,false,Krafttrai​ning,"0,00",337,00:42:21,122,151,"2,7",--,--,--,--,--,--,--,--,--,--,--,"0,0",--,--,--,--,700,350,41,-5,Nein,00:42:21,1,00:16:19,00:42:21,--,--
Krafttraining,2026-03-30 10:00:37,false,Krafttrai​ning,"0,00",402,00:51:12,123,155,"3,0",--,--,--,--,--,--,--,--,--,--,--,"0,0",--,--,--,--,786,393,45,-9,Nein,00:51:12,1,00:17:24,00:51:12,--,--
Gehen,2026-03-29 11:42:12,false,Nassereith Gehen,"11,77",786,02:02:06,105,130,"3,0",126,154,10:23,8:19,193,191,"0,76",--,--,--,--,"0,0",--,--,--,--,15.570,--,--,-16,Nein,"00:08:47,9",12,02:00:01,02:02:06,807,890
Krafttraining,2026-03-28 08:03:31,false,Krafttrai​ning,"0,00",441,00:56:40,126,158,"3,0",--,--,--,--,--,--,--,--,--,--,--,"0,0",--,--,--,--,848,424,48,-10,Nein,00:56:40,1,00:21:16,00:56:40,--,--
Laufbandtraining,2026-03-24 08:18:31,false,Laufbandtraining,"6,00",362,00:43:16,127,156,"3,0",135,188,7:13,2:59,--,--,"0,94","9,1","7,9",314,259,"0,0",215,597,--,--,6.290,--,--,-9,Nein,"00:01:55,3",6,00:42:56,00:43:16,--,--
Krafttraining,2026-03-23 08:28:45,false,Krafttrai​ning,"0,00",337,00:49:30,117,153,"2,5",--,--,--,--,--,--,--,--,--,--,--,"0,0",--,--,--,--,740,370,42,-10,Nein,00:49:30,1,00:21:04,00:49:30,--,--
Gehen,2026-03-20 08:12:57,false,Nassereith Gehen,"8,75",601,01:29:20,111,139,"2,9",130,158,10:13,8:09,171,165,"0,76",--,--,--,--,"0,0",--,--,--,--,11.628,--,--,-15,Nein,"00:07:59,3",9,01:28:21,01:29:20,822,891
Krafttraining,2026-03-19 07:35:35,false,Krafttrai​ning,"0,00",332,00:48:12,117,146,"2,4",--,--,--,--,--,--,--,--,--,--,--,"0,0",--,--,--,--,864,432,40,-9,Nein,00:48:12,1,00:17:38,00:48:12,--,--
Laufbandtraining,2026-03-17 07:59:18,false,Laufbandtraining,"8,00",410,01:00:11,117,130,"2,4",151,248,7:31,4:35,--,--,"0,92","9,5","8,6",306,263,"0,0",258,445,--,--,9.068,--,--,-12,Nein,"00:02:00,4",9,00:59:34,01:00:11,--,--
Krafttraining,2026-03-16 07:32:05,false,Krafttrai​ning,"0,00",381,00:51:18,122,147,"2,8",--,--,--,--,--,--,--,--,--,--,--,"0,0",--,--,--,--,760,380,47,-11,Nein,00:51:18,1,00:20:37,00:51:44,--,--
Gehen,2026-03-15 11:53:52,false,Nassereith Gehen,"9,85",675,01:39:07,114,140,"2,9",131,154,10:04,5:31,176,169,"0,76",--,--,--,--,"0,0",--,--,--,--,13.012,--,--,-13,Nein,"00:09:03,7",10,01:38:45,01:39:07,819,890
Krafttraining,2026-03-14 07:19:36,false,Krafttrai​ning,"0,00",224,00:31:31,114,160,"2,3",--,--,--,--,--,--,--,--,--,--,--,"0,0",--,--,--,--,490,245,29,-5,Nein,00:31:31,1,00:14:32,00:31:31,--,--
Skifahren (Piste),2026-03-13 10:06:30,false,Nauders Skifahren,"20,54",417,02:13:10,80,130,"0,8",--,--,"19,6","72,5",3.834,4.300,--,--,--,--,--,"0,0",--,--,--,--,--,--,--,-8,Nein,00:04:35,8,01:46:27,02:13:10,1.412,2.664
Krafttraining,2026-03-12 08:04:59,false,Krafttrai​ning,"0,00",411,00:55:24,121,165,"2,9",--,--,--,--,--,--,--,--,--,--,--,"0,0",--,--,--,--,844,422,54,-14,Nein,00:55:24,1,00:20:53,00:55:54,--,--
Laufbandtraining,2026-03-10 07:48:49,false,Laufbandtraining,"6,00",332,00:44:40,128,157,"3,3",151,218,7:27,3:31,--,--,"0,98","9,3","9,1",310,283,"0,0",278,549,--,--,6.746,--,--,-11,Nein,"00:03:57,5",7,00:44:12,00:44:40,--,--
Krafttraining,2026-03-09 08:45:09,false,Krafttrai​ning,"0,00",261,00:47:27,105,131,"1,6",--,--,--,--,--,--,--,--,--,--,--,"0,0",--,--,--,--,850,425,45,-8,Nein,00:47:27,1,00:19:48,00:47:27,--,--
Krafttraining,2026-03-06 07:49:48,false,Krafttrai​ning,"0,00",234,00:40:29,106,137,"1,6",--,--,--,--,--,--,--,--,--,--,--,"0,0",--,--,--,--,698,349,35,-6,Nein,00:40:29,1,00:15:59,00:40:29,--,--
Gehen,2026-03-05 07:12:17,false,Nassereith Gehen,"8,49",575,01:27:28,108,137,"2,6",130,145,10:18,8:53,140,140,"0,74",--,--,--,--,"0,0",--,--,--,--,11.432,--,--,-10,Nein,"00:05:48,8",9,01:26:55,01:27:28,823,890
Krafttraining,2026-03-04 07:16:29,false,Krafttrai​ning,"0,00",264,00:40:49,110,137,"2,1",--,--,--,--,--,--,--,--,--,--,--,"0,0",--,--,--,--,802,401,36,-7,Nein,00:40:49,1,00:17:21,00:40:49,--,--
Laufbandtraining,2026-03-03 07:55:25,false,Laufbandtraining,"8,00",468,00:56:31,126,152,"3,0",145,184,7:04,4:05,--,--,"1,00","8,8","8,7",307,274,"0,0",258,484,--,--,8.588,--,--,-11,Nein,"00:00:27,9",9,00:55:58,00:56:31,--,--
Krafttraining,2026-03-02 07:44:54,false,Krafttrai​ning,"0,00",358,00:47:19,119,151,"2,5",--,--,--,--,--,--,--,--,--,--,--,"0,0",--,--,--,--,860,418,48,-12,Nein,00:47:19,1,00:19:33,00:47:19,--,--
Gehen,2026-02-28 07:01:43,false,Nassereith Gehen,"8,52",576,01:31:28,107,132,"2,4",126,156,10:44,7:09,140,139,"0,74",--,--,--,--,"0,0",--,--,--,--,11.508,--,--,-16,Nein,"00:06:35,5",9,01:30:30,01:31:28,822,891
Krafttraining,2026-02-27 07:11:24,false,Krafttrai​ning,"0,00",212,00:43:44,99,129,"0,9",--,--,--,--,--,--,--,--,--,--,--,"0,0",--,--,--,--,788,394,42,-7,Nein,00:43:44,1,00:18:07,00:43:44,--,--
Krafttraining,2026-02-25 08:08:58,false,Krafttrai​ning,"0,00",309,00:49:48,111,137,"2,0",--,--,--,--,--,--,--,--,--,--,--,"0,0",--,--,--,--,726,363,47,-7,Nein,00:49:48,1,00:21:10,00:50:31,--,--
Laufbandtraining,2026-02-24 09:13:53,false,Laufbandtraining,"8,00",404,00:56:36,116,156,"2,3",142,188,7:05,3:26,--,--,"0,93","9,2","8,1",309,263,"0,0",237,571,--,--,8.488,--,--,-13,Nein,"00:02:41,8",8,00:56:04,00:56:36,--,--
Krafttraining,2026-02-23 08:22:32,false,Krafttrai​ning,"0,00",76,00:10:27,110,127,"0,8",--,--,--,--,--,--,--,--,--,--,--,"0,0",--,--,--,--,202,101,8,-2,Nein,00:10:27,1,"00:04:32,6",00:10:27,--,--
Cardio,2026-02-23 08:04:44,false,Cardio,"0,00",86,00:16:28,97,126,"0,5",--,--,--,--,--,--,--,--,--,--,--,"0,0",--,--,--,--,692,--,--,-2,Nein,00:16:28,1,00:00:00,00:16:28,--,--
Gehen,2026-02-22 14:44:34,false,Nassereith Gehen,"7,13",495,01:16:15,108,130,"2,2",127,158,10:42,8:56,92,90,"0,74",--,--,--,--,"0,0",--,--,--,--,9.758,--,--,-8,Nein,"00:01:55,8",8,01:16:03,01:16:15,828,890
Krafttraining,2026-02-22 07:20:11,false,Krafttrai​ning,"0,00",334,00:53:38,111,142,"2,0",--,--,--,--,--,--,--,--,--,--,--,"0,0",--,--,--,--,772,386,45,-9,Nein,00:53:38,1,00:20:15,00:53:38,--,--
Laufbandtraining,2026-02-20 07:49:57,false,Laufbandtraining,"8,00",374,00:59:55,111,135,"2,0",150,171,7:29,4:25,--,--,"0,89","9,7","8,7",321,258,"0,0",256,461,--,--,8.942,--,--,-8,Nein,"00:06:48,0",8,00:59:34,00:59:55,--,--
Krafttraining,2026-02-18 08:10:52,false,Krafttrai​ning,"0,00",257,00:49:15,102,136,"0,8",--,--,--,--,--,--,--,--,--,--,--,"0,0",--,--,--,--,722,361,37,-8,Nein,00:49:15,1,00:24:29,00:49:15,--,--
Krafttraining,2026-02-17 08:48:48,false,Krafttrai​ning,"0,00",169,00:37:42,93,137,"0,7",--,--,--,--,--,--,--,--,--,--,--,"0,0",--,--,--,--,462,231,23,-6,Nein,00:37:42,1,00:14:16,00:37:42,--,--
Gehen,2026-02-16 07:08:10,false,Nassereith Gehen,"6,44",443,01:19:41,104,123,"2,0",116,138,12:22,9:55,83,84,"0,70",--,--,--,--,"0,0",--,--,--,--,9.300,--,--,-11,Nein,"00:05:56,9",7,01:18:31,01:19:41,826,880
Krafttraining,2026-02-15 08:34:23,false,Krafttrai​ning,"0,00",225,00:39:21,105,151,"1,2",--,--,--,--,--,--,--,--,--,--,--,"0,0",--,--,--,--,584,292,30,-10,Nein,00:39:21,1,00:20:03,00:39:21,--,--
Laufbandtraining,2026-02-14 08:32:52,false,Laufbandtraining,"8,00",489,00:58:55,139,167,"3,8",152,240,7:22,3:14,--,--,"1,32","7,9","10,4",283,389,"0,0",382,593,--,--,9.006,--,--,-14,Nein,"00:04:02,7",12,00:58:23,00:58:55,--,--
Krafttraining,2026-02-13 08:25:11,false,Krafttrai​ning,"0,00",281,00:47:02,108,128,"1,4",--,--,--,--,--,--,--,--,--,--,--,"0,0",--,--,--,--,674,337,32,-8,Nein,00:47:02,1,00:25:57,00:47:02,--,--
Gehen,2026-02-12 09:05:23,false,Nassereith Gehen,"8,50",583,01:28:51,108,130,"2,4",129,147,10:27,9:01,140,143,"0,74",--,--,--,--,"0,0",--,--,--,--,11.556,--,--,-13,Nein,"00:06:02,3",9,01:28:01,01:28:51,821,889
Indoor Cycling,2026-02-11 07:50:46,false,Indoor Cycling,"10,00",213,00:29:24,115,122,"1,7",--,--,"20,4",--,--,--,--,--,--,--,--,"0,0",--,--,--,--,--,--,--,-4,Nein,00:29:24,1,00:00:00,00:29:24,--,--
Krafttraining,2026-02-10 07:44:04,false,Krafttrai​ning,"0,00",296,00:39:53,118,146,"2,2",--,--,--,--,--,--,--,--,--,--,--,"0,0",--,--,--,--,856,428,36,-4,Nein,00:39:53,1,00:19:12,00:39:53,--,--
Krafttraining,2026-02-09 07:40:21,false,Krafttrai​ning,"0,00",408,00:49:29,124,149,"2,6",--,--,--,--,--,--,--,--,--,--,--,"0,0",--,--,--,--,654,327,37,-9,Nein,00:49:29,1,00:23:37,00:49:29,--,--
Gehen,2026-02-08 08:55:02,false,Nassereith Gehen,"8,77",639,01:36:54,122,147,"2,5",123,155,11:03,8:45,170,161,"0,74",--,--,--,--,"0,0",--,--,--,--,11.940,--,--,-14,Nein,"00:08:34,2",9,01:36:08,01:36:54,820,892
Laufbandtraining,2026-02-04 09:39:29,false,Laufbandtraining,"4,00",310,00:27:59,147,172,"3,4",112,171,7:00,5:23,--,--,"1,12","6,9","7,4",320,239,"0,0",185,364,--,--,4.228,--,--,-7,Nein,"00:02:43,0",4,00:27:39,00:27:59,--,--
Krafttraining,2026-02-04 08:46:01,false,Krafttrai​ning,"0,00",367,00:43:24,126,156,"2,7",--,--,--,--,--,--,--,--,--,--,--,"0,0",--,--,--,--,666,333,34,-10,Nein,00:43:24,1,00:20:53,00:43:24,--,--
Gehen,2026-02-03 08:09:40,false,Nassereith Gehen,"10,18",736,01:44:40,120,146,"2,8",126,160,10:17,5:24,178,172,"0,77",--,--,--,--,"0,0",--,--,--,--,13.326,--,--,-15,Nein,"00:02:22,8",11,01:41:35,01:44:40,821,891
Krafttraining,2026-02-02 08:46:01,false,Krafttrai​ning,"0,00",594,01:10:07,130,155,"3,2",--,--,--,--,--,--,--,--,--,--,--,"0,0",--,--,--,--,1.226,613,66,-11,Nein,01:10:07,1,00:27:56,01:10:07,--,--
Gehen,2026-02-01 07:39:45,false,Nassereith Gehen,"9,21",660,01:32:36,120,146,"2,9",130,146,10:03,7:42,176,171,"0,77",--,--,--,--,"0,0",--,--,--,--,12.146,--,--,-11,Nein,"00:02:44,0",10,01:30:48,01:32:36,825,897
Laufbandtraining,2026-01-29 10:16:12,false,Laufbandtraining,"5,00",353,00:35:08,144,171,"3,4",124,190,7:02,2:02,--,--,"1,24","7,0","8,0",308,336,"0,0",241,806,--,--,5.298,--,--,-7,Nein,"00:01:25,6",6,00:34:33,00:35:08,--,--
Krafttraining,2026-01-29 08:35:29,false,Krafttrai​ning,"0,00",388,00:47:56,125,153,"2,7",--,--,--,--,--,--,--,--,--,--,--,"0,0",--,--,--,--,544,272,34,-7,Nein,00:47:56,1,00:17:13,00:47:56,--,--
Laufbandtraining,2026-01-26 08:26:23,false,Laufbandtraining,"5,00",285,00:34:18,127,171,"3,0",125,225,6:52,3:21,--,--,"0,95","8,5","7,2",310,233,"0,0",187,580,--,--,5.042,--,--,-6,Nein,"00:06:06,7",4,00:34:15,00:34:18,--,--
Gehen,2026-01-25 09:16:59,false,Nassereith Gehen,"5,87",438,01:05:15,121,138,"2,3",126,145,11:07,8:12,135,126,"0,71",--,--,--,--,"0,0",--,--,--,--,8.228,--,--,-6,Nein,"00:08:47,1",6,01:04:35,01:05:15,865,947
Krafttraining,2026-01-25 08:04:32,false,Krafttrai​ning,"0,00",407,00:52:15,122,154,"2,7",--,--,--,--,--,--,--,--,--,--,--,"0,0",--,--,--,--,778,389,46,-7,Nein,00:52:15,1,00:22:32,00:52:15,--,--
Krafttraining,2026-01-24 09:19:52,false,Krafttrai​ning,"0,00",250,00:30:52,122,158,"2,5",--,--,--,--,--,--,--,--,--,--,--,"0,0",--,--,--,--,598,299,27,-5,Nein,00:30:52,1,00:14:58,00:30:52,--,--
Gehen,2026-01-23 08:00:41,false,Nassereith Gehen,"8,53",689,01:26:58,133,163,"3,1",131,158,10:12,8:51,148,145,"0,75",--,--,--,--,"0,0",--,--,--,--,11.416,--,--,-8,Nein,"00:06:07,3",9,01:25:44,01:26:58,820,891
Krafttraining,2026-01-21 07:58:50,false,Krafttrai​ning,"0,00",483,00:51:44,133,158,"3,4",--,--,--,--,--,--,--,--,--,--,--,"0,0",--,--,--,--,726,363,43,-11,Nein,00:51:44,1,00:18:06,00:51:44,--,--
Laufbandtraining,2026-01-19 08:56:23,false,Laufbandtraining,"8,00",458,01:01:13,124,153,"3,1",147,235,7:39,3:32,--,--,"0,89","9,5","8,4",327,253,"0,0",247,564,--,--,9.112,--,--,-12,Nein,"00:06:35,2",8,01:01:04,01:01:13,--,--
Krafttraining,2026-01-18 08:27:17,false,Krafttrai​ning,"0,00",437,00:53:14,127,149,"3,0",--,--,--,--,--,--,--,--,--,--,--,"0,0",--,--,--,--,804,402,49,-10,Nein,00:53:14,1,00:19:04,00:53:14,--,--
Gehen,2026-01-16 08:04:58,false,Nassereith Gehen,"11,45",808,01:53:01,117,149,"3,0",133,156,9:52,7:17,166,159,"0,76",--,--,--,--,"0,0",--,--,--,--,15.190,--,--,-17,Nein,"00:05:10,2",12,01:51:21,01:53:01,812,889
Krafttraining,2026-01-15 08:33:09,false,Krafttrai​ning,"0,00",343,00:45:57,120,153,"2,6",--,--,--,--,--,--,--,--,--,--,--,"0,0",--,--,--,--,668,334,40,-8,Nein,00:45:57,1,00:17:44,00:45:57,--,--
Krafttraining,2026-01-13 07:31:34,false,Krafttrai​ning,"0,00",458,00:59:09,125,159,"3,0",--,--,--,--,--,--,--,--,--,--,--,"0,0",--,--,--,--,778,389,44,-11,Nein,00:59:09,1,00:23:19,00:59:09,--,--
Gehen,2026-01-11 07:12:34,false,Nassereith Gehen,"8,48",600,01:33:30,113,138,"2,4",127,239,11:02,9:27,147,146,"0,71",--,--,--,--,"0,0",--,--,--,--,11.908,--,--,-11,Nein,"00:05:56,2",9,01:32:44,01:33:30,821,886
Laufbandtraining,2026-01-09 08:13:48,false,Laufbandtraining,"8,00",500,01:00:41,135,158,"4,0",151,248,7:35,4:43,--,--,"0,89","9,5","8,3",314,256,"0,0",250,422,--,--,9.244,--,--,-13,Nein,"00:00:13,8",9,01:00:25,01:00:41,--,--
Krafttraining,2026-01-08 08:14:54,false,Krafttrai​ning,"0,00",282,00:38:26,117,150,"2,4",--,--,--,--,--,--,--,--,--,--,--,"0,0",--,--,--,--,506,253,34,-8,Nein,00:38:26,1,00:15:04,00:38:26,--,--
Laufbandtraining,2026-01-04 07:34:42,false,Laufbandtraining,"8,00",512,01:01:21,136,155,"4,1",150,239,7:40,4:22,--,--,"0,99","9,1","9,0",312,285,"0,0",280,468,--,--,9.398,--,--,-14,Nein,"00:00:06,1",11,01:00:49,01:01:41,--,--
Krafttraining,2026-01-03 08:09:20,false,Krafttrai​ning,"0,00",301,00:42:17,116,144,"2,4",--,--,--,--,--,--,--,--,--,--,--,"0,0",--,--,--,--,646,323,37,-7,Nein,00:42:17,1,00:17:36,00:42:17,--,--
Krafttraining,2026-01-02 08:09:27,false,Krafttrai​ning,"0,00",186,00:30:10,108,139,"1,6",--,--,--,--,--,--,--,--,--,--,--,"0,0",--,--,--,--,540,264,29,-6,Nein,00:30:10,1,00:13:08,00:30:10,--,--
Gehen,2026-01-01 07:32:48,false,Nassereith Gehen,"8,94",605,01:34:16,104,132,"2,7",130,145,10:33,5:37,172,170,"0,73",--,--,--,--,"0,0",--,--,--,--,12.328,--,--,-16,Nein,"00:09:35,3",9,01:33:35,01:34:16,821,892
Krafttraining,2025-12-31 07:52:25,false,Krafttrai​ning,"0,00",296,00:48:58,110,142,"2,1",--,--,--,--,--,--,--,--,--,--,--,"0,0",--,--,--,--,732,366,42,-8,Nein,00:48:58,1,00:19:04,00:50:27,--,--
Laufbandtraining,2025-12-30 08:55:06,false,Laufbandtraining,"5,00",326,00:34:38,136,156,"3,5",147,248,6:56,4:38,--,--,"0,91","9,4","8,2",310,251,"0,0",243,453,--,--,5.304,--,--,-9,Nein,"00:04:24,7",5,00:34:28,00:34:38,--,--
Krafttraining,2025-12-28 08:12:13,false,Krafttrai​ning,"0,00",235,00:40:08,108,136,"1,8",--,--,--,--,--,--,--,--,--,--,--,"0,0",--,--,--,--,768,384,36,-6,Nein,00:40:08,1,00:16:00,00:40:08,--,--
Indoor Cycling,2025-12-27 06:49:44,false,Indoor Cycling,"20,00",397,00:59:53,116,130,"2,4",--,--,"20,0",--,--,--,--,--,--,--,--,"0,0",--,--,--,--,--,--,--,-11,Nein,00:59:53,1,00:00:00,00:59:53,--,--
Krafttraining,2025-12-26 08:08:52,false,Krafttrai​ning,"0,00",287,00:45:11,113,135,"2,1",--,--,--,--,--,--,--,--,--,--,--,"0,0",--,--,--,--,720,360,40,-9,Nein,00:45:11,1,00:19:15,00:45:11,--,--
Gehen,2025-12-23 07:27:05,false,Nassereith Gehen,"7,99",565,01:27:34,108,134,"2,7",126,146,10:57,7:58,167,161,"0,73",--,--,--,--,"0,0",--,--,--,--,11.062,--,--,-15,Nein,"00:09:42,0",8,01:25:43,01:27:34,852,952
Krafttraining,2025-12-22 08:01:37,false,Krafttrai​ning,"0,00",251,00:46:59,104,142,"1,5",--,--,--,--,--,--,--,--,--,--,--,"0,0",--,--,--,--,652,321,42,-5,Nein,00:46:59,1,00:17:55,00:46:59,--,--
Gehen,2025-12-21 07:49:55,false,Nassereith Gehen,"9,68",660,01:44:25,109,140,"2,8",127,152,10:47,9:07,176,167,"0,73",--,--,--,--,"0,0",--,--,--,--,13.352,--,--,-15,Nein,"00:07:31,8",10,01:43:37,01:44:25,816,894
Krafttraining,2025-12-20 07:46:40,false,Krafttrai​ning,"0,00",397,00:56:06,121,155,"2,7",--,--,--,--,--,--,--,--,--,--,--,"0,0",--,--,--,--,758,379,46,-11,Nein,00:56:06,1,00:20:23,00:56:06,--,--
Laufbandtraining,2025-12-18 07:56:03,false,Laufbandtraining,"8,00",491,00:58:54,129,152,"3,3",152,195,7:22,3:16,--,--,"0,89","9,6","8,4",312,262,"0,0",256,577,--,--,8.976,--,--,-13,Nein,"00:06:48,9",8,00:58:22,00:58:54,--,--
Krafttraining,2025-12-16 07:51:17,false,Krafttrai​ning,"0,00",401,00:51:25,124,155,"3,0",--,--,--,--,--,--,--,--,--,--,--,"0,0",--,--,--,--,630,315,44,-11,Nein,00:51:25,1,00:19:08,00:51:25,--,--
Gehen,2025-12-13 07:47:42,false,Nassereith Gehen,"8,76",607,01:33:41,112,143,"2,8",129,150,10:41,9:18,173,165,"0,72",--,--,--,--,"0,0",--,--,--,--,12.130,--,--,-19,Nein,"00:08:50,2",9,01:33:06,01:33:41,817,889
Krafttraining,2025-12-11 07:50:17,false,Krafttrai​ning,"0,00",278,00:40:16,116,157,"2,3",--,--,--,--,--,--,--,--,--,--,--,"0,0",--,--,--,--,628,314,40,-10,Nein,00:40:16,1,00:15:05,00:40:16,--,--
Laufbandtraining,2025-12-08 08:16:04,false,Laufbandtraining,"6,00",341,00:44:15,121,147,"2,7",151,242,7:23,3:04,--,--,"0,92","9,4","8,4",311,269,"0,0",257,606,--,--,6.786,--,--,-9,Nein,"00:00:14,0",7,00:44:04,00:44:15,--,--
Krafttraining,2025-12-07 08:25:16,false,Krafttrai​ning,"0,00",186,00:29:07,111,159,"2,0",--,--,--,--,--,--,--,--,--,--,--,"0,0",--,--,--,--,614,307,28,-4,Nein,00:29:07,1,00:13:02,00:29:07,--,--
Gehen,2025-12-06 07:51:20,false,Nassereith Gehen,"8,50",597,01:28:59,115,140,"2,7",130,153,10:28,8:59,146,141,"0,73",--,--,--,--,"0,0",--,--,--,--,11.632,--,--,-13,Nein,"00:05:50,4",9,01:27:44,01:28:59,811,880
Laufbandtraining,2025-12-04 08:14:55,false,Laufbandtraining,"8,00",507,01:00:07,130,149,"3,4",150,241,7:31,4:18,--,--,"0,97","8,7","8,2",299,280,"0,0",259,468,--,--,9.236,--,--,-14,Nein,"00:03:33,2",9,00:59:50,01:00:07,--,--
Krafttraining,2025-12-02 08:02:38,false,Krafttrai​ning,"0,00",314,00:42:31,119,142,"2,4",--,--,--,--,--,--,--,--,--,--,--,"0,0",--,--,--,--,706,353,40,-10,Nein,00:42:31,1,00:17:33,00:42:31,--,--
Gehen,2025-11-30 08:10:58,false,Nassereith Gehen,"9,84",672,01:44:08,107,134,"2,7",129,145,10:35,6:20,184,173,"0,73",--,--,--,--,"0,0",--,--,--,--,13.504,--,--,-15,Nein,"00:00:13,2",11,01:43:11,01:44:16,817,890
Gehen,2025-11-26 09:06:14,false,Nassereith Gehen,"8,51",564,01:31:22,100,118,"2,5",129,156,10:44,9:12,139,133,"0,72",--,--,--,--,"0,0",--,--,--,--,11.892,--,--,-15,Nein,"00:06:30,9",9,01:30:10,01:31:22,817,888
Laufbandtraining,2025-11-25 08:10:19,false,Laufbandtraining,"8,00",483,00:59:49,125,142,"3,0",143,240,7:29,4:38,--,--,"0,90","9,3","8,0",310,246,"0,0",230,423,--,--,8.906,--,--,-28,Nein,"00:03:51,8",8,00:59:22,00:59:49,--,--
Gehen,2025-11-18 08:21:03,false,Nassereith Gehen,"8,81",608,01:37:36,108,128,"2,7",126,158,11:05,8:48,171,162,"0,72",--,--,--,--,"0,0",--,--,--,--,12.384,--,--,-11,Nein,"00:09:43,7",9,01:35:09,01:37:36,818,890
Laufbandtraining,2025-11-17 07:38:13,false,Laufbandtraining,"8,00",435,01:02:21,121,142,"3,0",148,218,7:48,5:31,--,--,"0,91","9,5","8,6",321,258,"0,0",255,380,--,--,9.370,--,--,-11,Nein,"00:02:11,9",9,01:01:55,01:02:21,--,--
Indoor Cycling,2025-11-11 08:28:23,false,Indoor Cycling,"20,00",358,00:57:21,113,133,"2,2",--,--,"20,9",--,--,--,--,--,--,--,--,"0,0",--,--,--,--,--,--,--,-7,Nein,00:57:21,1,00:00:00,00:57:21,--,--
Gehen,2025-11-05 07:40:40,false,Nassereith Gehen,"8,88",619,01:39:05,112,136,"2,7",124,231,11:09,6:46,165,160,"0,72",--,--,--,--,"0,0",--,--,--,--,12.378,--,--,-29,Nein,00:10:10,9,01:36:30,01:39:05,818,884
Gehen,2025-10-31 07:43:35,false,Nassereith Gehen,"8,74",602,01:31:20,113,140,"2,7",127,156,10:27,8:21,161,165,"0,75",--,--,--,--,"0,0",--,--,--,--,11.742,--,--,-12,Nein,"00:08:17,0",9,01:30:59,01:31:20,821,887
Krafttraining,2025-10-30 08:11:59,false,Krafttrai​ning,"0,00",230,00:37:09,110,140,"2,0",--,--,--,--,--,--,--,--,--,--,--,"0,0",--,--,--,--,464,232,29,-6,Nein,00:37:09,1,00:16:11,00:37:09,--,--
Indoor Cycling,2025-10-28 07:35:39,false,Indoor Cycling,"20,00",437,00:57:37,122,135,"2,9",--,--,"20,8",--,--,--,--,--,--,--,--,"0,0",--,--,--,--,--,--,--,-10,Nein,00:57:37,1,00:00:00,00:57:37,--,--
Krafttraining,2025-10-27 07:56:17,false,Krafttrai​ning,"0,00",391,00:54:18,118,153,"2,6",--,--,--,--,--,--,--,--,--,--,--,"0,0",--,--,--,--,860,430,48,-9,Nein,00:54:18,1,00:21:14,00:54:18,--,--
Laufbandtraining,2025-10-26 08:08:20,false,Laufbandtraining,"5,00",279,00:37:57,118,152,"2,3",146,248,7:35,3:39,--,--,"0,88","9,6","8,3",328,244,"0,0",237,546,--,--,5.556,--,--,-5,Nein,"00:05:45,5",5,00:37:36,00:37:57,--,--
Krafttraining,2025-10-25 08:16:16,false,Krafttrai​ning,"0,00",223,00:37:43,107,134,"2,0",--,--,--,--,--,--,--,--,--,--,--,"0,0",--,--,--,--,680,340,45,-5,Nein,00:37:43,1,00:16:02,00:37:43,--,--
Laufbandtraining,2025-10-23 08:31:47,false,Laufbandtraining,"8,00",470,01:00:12,123,148,"2,9",151,248,7:31,3:07,--,--,"0,97","9,2","8,8",313,285,"0,0",277,594,--,--,9.154,--,--,-9,Nein,"00:04:57,2",9,00:59:54,01:00:12,--,--
Krafttraining,2025-10-22 08:56:50,false,Krafttrai​ning,"0,00",246,00:39:01,110,139,"2,0",--,--,--,--,--,--,--,--,--,--,--,"0,0",--,--,--,--,822,411,35,-4,Nein,00:39:01,1,00:17:05,00:39:01,--,--
Krafttraining,2025-10-21 08:28:21,false,Krafttrai​ning,"0,00",382,00:51:10,120,152,"2,6",--,--,--,--,--,--,--,--,--,--,--,"0,0",--,--,--,--,806,403,41,-9,Nein,00:51:10,1,00:21:09,00:51:10,--,--
Gehen,2025-10-19 07:36:40,false,Nassereith Gehen,"8,85",601,01:36:41,108,133,"2,6",125,143,10:55,5:11,182,172,"0,73",--,--,--,--,"0,0",--,--,--,--,12.244,--,--,-12,Nein,"00:00:01,9",12,01:34:55,01:36:49,816,899
Krafttraining,2025-10-18 08:29:43,false,Krafttrai​ning,"0,00",232,00:38:01,109,139,"1,9",--,--,--,--,--,--,--,--,--,--,--,"0,0",--,--,--,--,604,302,36,-5,Nein,00:38:01,1,00:16:42,00:38:01,--,--
Indoor Cycling,2025-10-16 07:36:40,false,Indoor Cycling,"20,00",338,00:59:03,109,123,"2,1",--,--,"20,3",--,--,--,--,--,--,--,--,"0,0",--,--,--,--,--,--,--,-8,Nein,00:59:03,1,00:00:00,00:59:03,--,--
Krafttraining,2025-10-15 08:27:43,false,Krafttrai​ning,"0,00",329,00:47:08,116,140,"2,3",--,--,--,--,--,--,--,--,--,--,--,"0,0",--,--,--,--,822,411,44,-7,Nein,00:47:08,1,00:20:49,00:47:08,--,--
Gehen,2025-10-14 08:35:11,false,Nassereith Gehen,"9,94",675,01:43:35,107,136,"2,8",128,158,10:25,8:38,206,201,"0,75",--,--,--,--,"0,0",--,--,--,--,13.376,--,--,-15,Nein,"00:09:24,7",10,01:42:43,01:43:35,820,892
Krafttraining,2025-10-13 09:07:47,false,Krafttrai​ning,"0,00",359,00:51:51,118,149,"2,5",--,--,--,--,--,--,--,--,--,--,--,"0,0",--,--,--,--,842,421,49,-7,Nein,00:51:51,1,00:21:22,00:51:51,--,--
Laufbandtraining,2025-10-11 08:05:44,false,Laufbandtraining,"6,00",359,00:44:16,123,148,"2,9",140,248,7:23,3:29,--,--,"0,91","9,2","7,8",316,242,"0,0",220,563,--,--,6.676,--,--,-10,Nein,"00:03:03,1",6,00:43:41,00:44:16,--,--
Krafttraining,2025-10-09 08:28:16,false,Krafttrai​ning,"0,00",208,00:40:53,101,130,"1,2",--,--,--,--,--,--,--,--,--,--,--,"0,0",--,--,--,--,868,434,43,-5,Nein,00:40:53,1,00:17:52,00:40:53,--,--
Gehen,2025-10-08 07:46:29,false,Nassereith Gehen,"8,52",594,01:30:25,111,136,"2,6",127,160,10:37,7:10,142,139,"0,74",--,--,--,--,"0,0",--,--,--,--,11.590,--,--,-15,Nein,"00:06:07,5",9,01:28:19,01:30:25,816,884
Krafttraining,2025-10-07 08:12:48,false,Krafttrai​ning,"0,00",266,00:37:51,115,141,"2,2",--,--,--,--,--,--,--,--,--,--,--,"0,0",--,--,--,--,672,330,40,-7,Nein,00:37:51,1,00:16:31,00:37:51,--,--
Krafttraining,2025-10-06 08:26:00,false,Krafttrai​ning,"0,00",357,00:48:29,119,160,"2,5",--,--,--,--,--,--,--,--,--,--,--,"0,0",--,--,--,--,782,385,45,-10,Nein,00:48:29,1,00:19:55,00:48:29,--,--
Laufbandtraining,2025-10-05 09:25:11,false,Laufbandtraining,"10,00",465,01:20:06,112,140,"2,6",146,180,8:01,6:40,--,--,"0,88","9,6","8,4",335,244,"0,0",241,301,--,--,11.784,--,--,-8,Nein,"00:01:06,9",11,01:19:21,01:20:06,--,--
Krafttraining,2025-10-04 08:05:51,false,Krafttrai​ning,"0,00",290,00:48:03,108,140,"2,2",--,--,--,--,--,--,--,--,--,--,--,"0,0",--,--,--,--,932,466,43,-8,Nein,00:48:03,1,00:18:19,00:48:03,--,--
Gehen,2025-10-02 07:34:10,false,Nassereith Gehen,"8,77",595,01:32:47,106,127,"2,7",126,158,10:35,8:19,169,165,"0,75",--,--,--,--,"0,0",--,--,--,--,11.766,--,--,-16,Nein,"00:08:42,3",9,01:31:16,01:32:47,813,879
Krafttraining,2025-10-01 08:08:21,false,Krafttrai​ning,"0,00",151,00:30:15,99,123,"0,8",--,--,--,--,--,--,--,--,--,--,--,"0,0",--,--,--,--,488,244,28,-5,Nein,00:30:15,1,00:13:39,00:30:15,--,--
Krafttraining,2025-09-30 07:56:11,false,Krafttrai​ning,"0,00",270,00:53:35,102,143,"1,3",--,--,--,--,--,--,--,--,--,--,--,"0,0",--,--,--,--,832,416,50,-9,Nein,00:53:35,1,00:21:02,00:53:35,--,--
Laufbandtraining,2025-09-28 08:54:26,false,Laufbandtraining,"8,00",401,01:00:22,116,138,"2,5",150,240,7:33,4:43,--,--,"0,86","9,8","8,4",319,250,"0,0",246,422,--,--,9.116,--,--,-10,Nein,"00:05:35,0",8,00:59:55,01:00:22,--,--
Krafttraining,2025-09-27 08:44:29,false,Krafttrai​ning,"0,00",303,00:45:24,115,142,"2,2",--,--,--,--,--,--,--,--,--,--,--,"0,0",--,--,--,--,750,375,39,-8,Nein,00:45:24,1,00:18:17,00:45:24,--,--
Krafttraining,2025-09-25 08:46:45,false,Krafttrai​ning,"0,00",340,00:45:57,119,150,"2,6",--,--,--,--,--,--,--,--,--,--,--,"0,0",--,--,--,--,766,383,47,-8,Nein,00:45:57,1,00:17:35,00:45:57,--,--
Laufbandtraining,2025-09-24 08:17:00,false,Laufbandtraining,"8,00",460,01:02:26,121,130,"2,6",152,233,7:48,5:21,--,--,"0,85","9,8","8,4",316,249,"0,0",247,378,--,--,9.548,--,--,-12,Nein,"00:00:16,7",9,01:02:05,01:02:26,--,--
Krafttraining,2025-09-23 09:29:32,false,Krafttrai​ning,"0,00",294,00:52:08,107,136,"2,0",--,--,--,--,--,--,--,--,--,--,--,"0,0",--,--,--,--,904,452,49,-8,Nein,00:52:08,1,00:20:44,00:52:08,--,--
Krafttraining,2025-09-21 08:28:04,false,Krafttrai​ning,"0,00",298,00:41:36,117,138,"2,3",--,--,--,--,--,--,--,--,--,--,--,"0,0",--,--,--,--,724,362,40,-6,Nein,00:41:36,1,00:17:48,00:41:36,--,--
Gehen,2025-09-19 08:12:49,false,Nassereith Gehen,"15,28",1.157,03:23:04,107,130,"3,0",102,158,13:17,6:57,484,476,"0,76",--,--,--,--,"0,0",--,--,--,--,21.188,--,--,-16,Nein,"00:03:34,1",16,02:58:12,03:23:04,858,1.222
Krafttraining,2025-09-18 10:36:45,false,Krafttrai​ning,"0,00",371,00:48:23,122,147,"2,7",--,--,--,--,--,--,--,--,--,--,--,"0,0",--,--,--,--,786,393,50,-7,Nein,00:48:23,1,00:18:39,00:48:23,--,--
Krafttraining,2025-09-14 07:53:28,false,Krafttrai​ning,"0,00",192,00:26:04,115,151,"2,1",--,--,--,--,--,--,--,--,--,--,--,"0,0",--,--,--,--,466,233,24,-3,Nein,00:26:04,1,"00:09:53,1",00:26:04,--,--
Laufbandtraining,2025-09-12 08:59:14,false,Laufbandtraining,"8,00",425,01:02:23,117,125,"2,4",151,240,7:48,5:16,--,--,"0,85","10,0","8,4",319,247,"0,0",245,395,--,--,9.406,--,--,-8,Nein,"00:06:58,2",8,01:02:01,01:02:23,--,--
Krafttraining,2025-09-11 08:55:34,false,Krafttrai​ning,"0,00",308,00:39:58,120,142,"2,5",--,--,--,--,--,--,--,--,--,--,--,"0,0",--,--,--,--,696,348,36,-6,Nein,00:39:58,1,00:16:23,00:39:58,--,--
Krafttraining,2025-09-05 09:49:43,false,Krafttrai​ning,"0,00",393,01:00:57,113,142,"2,3",--,--,--,--,--,--,--,--,--,--,--,"0,0",--,--,--,--,1.108,554,64,-10,Nein,01:00:57,1,00:20:20,01:00:57,--,--
Gehen,2025-09-04 15:39:09,false,Nassereith Gehen,"6,24",444,01:03:26,111,140,"2,6",130,158,10:10,8:21,132,132,"0,76",--,--,--,--,"0,0",--,--,--,--,8.358,--,--,-8,Nein,"00:02:44,1",7,01:03:04,01:03:26,864,945
Krafttraining,2025-09-03 09:05:45,false,Krafttrai​ning,"0,00",281,00:40:18,115,153,"2,2",--,--,--,--,--,--,--,--,--,--,--,"0,0",--,--,--,--,756,378,39,-6,Nein,00:40:18,1,00:15:27,00:40:18,--,--
Laufbandtraining,2025-09-02 17:24:05,false,Laufbandtraining,"6,00",335,00:46:52,117,130,"2,3",151,214,7:49,5:31,--,--,"0,85","9,9","8,3",317,246,"0,0",243,358,--,--,7.222,--,--,-7,Nein,"00:07:16,1",6,00:46:35,00:46:52,--,--
Krafttraining,2025-09-01 09:01:33,false,Krafttrai​ning,"0,00",258,00:47:12,104,134,"1,4",--,--,--,--,--,--,--,--,--,--,--,"0,0",--,--,--,--,804,397,48,-8,Nein,00:47:12,1,00:18:51,00:47:12,--,--
Gehen,2025-08-31 08:09:17,false,Nassereith Gehen,"9,05",612,01:38:24,100,128,"2,6",127,146,10:52,7:52,212,206,"0,73",--,--,--,--,"0,0",--,--,--,--,12.550,--,--,-16,Nein,"00:01:05,0",10,01:37:55,01:38:24,820,898
Krafttraining,2025-08-30 09:50:32,false,Krafttrai​ning,"0,00",279,00:46:03,109,151,"1,9",--,--,--,--,--,--,--,--,--,--,--,"0,0",--,--,--,--,784,392,41,-12,Nein,00:46:03,1,00:18:37,00:46:03,--,--
Krafttraining,2025-08-27 08:55:32,false,Krafttrai​ning,"0,00",343,00:52:10,113,152,"2,2",--,--,--,--,--,--,--,--,--,--,--,"0,0",--,--,--,--,714,357,38,-8,Nein,00:52:10,1,00:23:53,00:52:10,--,--
Mountainbiken,2025-08-26 09:25:11,false,Nassereith Mountainbiken,"23,61",519,01:28:08,112,139,"2,4",--,--,"16,1","32,6",220,215,--,--,--,--,--,"0,0",--,--,"17,2","2,4",--,--,--,-16,Nein,00:15:53,5,01:27:20,01:28:08,781,876
Krafttraining,2025-08-23 09:05:39,false,Krafttrai​ning,"0,00",267,00:46:18,106,135,"1,8",--,--,--,--,--,--,--,--,--,--,--,"0,0",--,--,--,--,792,390,50,-7,Nein,00:46:18,1,00:19:07,00:46:18,--,--
Krafttraining,2025-08-22 08:02:15,false,Krafttrai​ning,"0,00",362,00:52:51,116,155,"2,3",--,--,--,--,--,--,--,--,--,--,--,"0,0",--,--,--,--,848,424,47,-11,Nein,00:52:51,1,00:21:47,00:52:51,--,--
Krafttraining,2025-08-19 08:30:04,false,Krafttrai​ning,"0,00",316,00:48:04,112,137,"2,0",--,--,--,--,--,--,--,--,--,--,--,"0,0",--,--,--,--,718,359,45,-8,Nein,00:48:04,1,00:19:55,00:48:04,--,--
Gehen,2025-08-17 06:56:03,false,Nassereith Gehen,"10,01",678,01:49:46,105,127,"2,5",125,150,10:58,7:56,175,167,"0,73",--,--,--,--,"0,0",--,--,--,--,13.810,--,--,-14,Nein,"00:00:33,2",11,01:48:52,01:49:46,823,892
Krafttraining,2025-08-15 09:21:04,false,Krafttrai​ning,"0,00",230,00:36:45,109,145,"1,7",--,--,--,--,--,--,--,--,--,--,--,"0,0",--,--,--,--,646,323,35,-4,Nein,00:36:45,1,00:17:05,00:36:45,--,--
Mountainbiken,2025-08-13 08:34:29,false,Nassereith Mountainbiken,"24,51",523,01:36:04,109,131,"2,2",--,--,"15,3","32,9",228,222,--,--,--,--,--,"0,0",--,--,"18,6","2,8",--,--,--,-6,Nein,00:17:06,5,01:33:27,01:36:04,782,887
Krafttraining,2025-08-12 09:06:22,false,Krafttrai​ning,"0,00",260,00:39:10,113,142,"2,0",--,--,--,--,--,--,--,--,--,--,--,"0,0",--,--,--,--,676,332,40,-5,Nein,00:39:10,1,00:17:58,00:39:10,--,--
Krafttraining,2025-08-11 08:05:16,false,Krafttrai​ning,"0,00",357,00:50:06,117,144,"2,2",--,--,--,--,--,--,--,--,--,--,--,"0,0",--,--,--,--,782,391,46,-8,Nein,00:50:06,1,00:22:02,00:50:06,--,--
Krafttraining,2025-08-09 08:40:36,false,Krafttrai​ning,"0,00",243,00:36:52,112,136,"2,0",--,--,--,--,--,--,--,--,--,--,--,"0,0",--,--,--,--,582,291,31,-4,Nein,00:36:52,1,00:15:03,00:36:52,--,--
Gehen,2025-08-08 08:28:01,false,Nassereith Gehen,"8,77",601,01:34:15,104,131,"2,6",124,145,10:45,9:10,189,184,"0,75",--,--,--,--,"0,0",--,--,--,--,11.840,--,--,-12,Nein,"00:08:42,9",9,01:32:48,01:34:15,815,885
Krafttraining,2025-08-07 10:02:35,false,Krafttrai​ning,"0,00",256,00:39:04,113,143,"2,0",--,--,--,--,--,--,--,--,--,--,--,"0,0",--,--,--,--,578,289,36,-4,Nein,00:39:04,1,00:15:47,00:39:04,--,--
Krafttraining,2025-08-06 08:52:41,false,Krafttrai​ning,"0,00",208,00:31:04,114,153,"2,0",--,--,--,--,--,--,--,--,--,--,--,"0,0",--,--,--,--,562,273,32,-3,Nein,00:31:04,1,00:14:14,00:31:04,--,--
Krafttraining,2025-08-04 09:47:05,false,Krafttrai​ning,"0,00",333,00:46:17,119,143,"2,4",--,--,--,--,--,--,--,--,--,--,--,"0,0",--,--,--,--,590,295,40,-6,Nein,00:46:17,1,00:19:49,00:46:17,--,--
Laufbandtraining,2025-08-03 09:47:01,false,Laufbandtraining,"10,00",644,01:27:13,124,143,"3,1",139,158,8:43,7:30,--,--,"0,85","9,4","7,9",362,222,"0,0",217,258,--,--,12.242,--,--,-8,Nein,"00:01:10,4",11,01:25:46,01:27:13,--,--
Krafttraining,2025-08-02 08:56:24,false,Krafttrai​ning,"0,00",366,00:40:49,131,156,"3,3",--,--,--,--,--,--,--,--,--,--,--,"0,0",--,--,--,--,660,330,41,-1,Nein,00:40:49,1,00:15:55,00:40:49,--,--
Krafttraining,2025-08-01 09:33:13,false,Krafttrai​ning,"0,00",430,00:56:30,123,155,"3,1",--,--,--,--,--,--,--,--,--,--,--,"0,0",--,--,--,--,704,352,40,-11,Nein,00:56:30,1,00:17:08,00:56:30,--,--
Gehen,2025-07-30 07:48:21,false,Nassereith Gehen,"11,96",821,02:02:12,109,139,"3,3",130,160,10:13,7:12,198,192,"0,75",--,--,--,--,"0,0",--,--,--,--,16.082,--,--,-19,Nein,"00:03:08,1",13,01:59:37,02:02:12,814,891
Krafttraining,2025-07-28 08:50:39,false,Krafttrai​ning,"0,00",476,00:59:26,127,150,"3,3",--,--,--,--,--,--,--,--,--,--,--,"0,0",--,--,--,--,932,466,57,-18,Nein,00:59:26,1,00:21:32,00:59:26,--,--
Indoor Cycling,2025-07-26 08:29:45,false,Indoor Cycling,"15,00",395,00:42:54,132,152,"3,5",--,--,"21,0",--,--,--,--,--,--,--,--,"0,0",--,--,--,--,--,--,--,-13,Nein,00:42:54,1,00:00:00,00:42:54,--,--
Krafttraining,2025-07-26 07:16:07,false,Krafttrai​ning,"0,00",374,00:49:29,122,151,"3,0",--,--,--,--,--,--,--,--,--,--,--,"0,0",--,--,--,--,764,382,43,-12,Nein,00:49:29,1,00:19:30,00:49:29,--,--
Laufbandtraining,2025-07-23 10:06:22,false,Laufbandtraining,"5,00",374,00:38:53,135,150,"3,8",153,180,7:47,5:22,--,--,"1,00","9,1","8,9",300,290,"0,0",286,356,--,--,6.004,--,--,-12,Nein,"00:05:45,7",6,00:38:42,00:38:53,--,--
Krafttraining,2025-07-23 09:20:42,false,Krafttrai​ning,"0,00",238,00:32:00,119,139,"2,5",--,--,--,--,--,--,--,--,--,--,--,"0,0",--,--,--,--,552,276,29,-7,Nein,00:32:00,1,00:12:43,00:32:00,--,--
Krafttraining,2025-07-21 10:11:06,false,Krafttrai​ning,"0,00",285,00:39:16,118,158,"2,8",--,--,--,--,--,--,--,--,--,--,--,"0,0",--,--,--,--,524,262,34,-7,Nein,00:39:16,1,00:14:20,00:39:16,--,--
Mountainbiken,2025-07-19 08:36:20,false,Nassereith Mountainbiken,"24,59",555,01:29:26,114,147,"2,9",--,--,"16,5","35,7",235,211,--,--,--,--,--,"0,0",--,--,"17,4","2,8",--,--,--,-14,Nein,"00:09:02,1",6,01:27:32,01:35:16,770,878
Gehen,2025-07-17 08:24:57,false,Nassereith Gehen,"8,77",606,01:36:16,112,136,"2,7",127,145,10:58,9:10,165,165,"0,72",--,--,--,--,"0,0",--,--,--,--,12.368,--,--,-12,Nein,"00:09:15,9",9,01:34:34,01:36:16,819,895
Krafttraining,2025-07-16 07:54:39,false,Krafttrai​ning,"0,00",358,00:47:07,122,155,"2,9",--,--,--,--,--,--,--,--,--,--,--,"0,0",--,--,--,--,828,414,41,-8,Nein,00:47:07,1,00:18:45,00:47:07,--,--
Gehen,2025-07-06 08:53:59,false,Nassereith Gehen,"9,69",665,01:49:37,109,131,"2,8",127,156,11:19,8:26,190,185,"0,70",--,--,--,--,"0,0",--,--,--,--,13.950,--,--,-12,Nein,"00:07:52,1",10,01:48:57,01:49:37,820,895
Krafttraining,2025-06-29 08:40:54,false,Krafttrai​ning,"0,00",236,00:37:03,112,139,"2,0",--,--,--,--,--,--,--,--,--,--,--,"0,0",--,--,--,--,562,281,34,-7,Nein,00:37:03,1,00:14:45,00:37:03,--,--
Gehen,2025-06-26 08:46:17,false,Nassereith Gehen,"8,77",633,01:34:00,119,141,"2,9",126,155,10:43,8:21,177,174,"0,74",--,--,--,--,"0,0",--,--,--,--,12.016,--,--,-12,Nein,"00:00:43,9",10,01:32:47,01:34:00,821,895
Mountainbiken,2025-06-25 09:46:47,false,Nassereith Mountainbiken,"23,01",545,01:18:27,119,143,"2,8",--,--,"17,6","38,6",217,214,--,--,--,--,--,"0,0",--,--,"13,9","2,5",--,--,--,-10,Nein,00:13:26,5,01:16:00,01:18:27,778,871
Krafttraining,2025-06-25 08:26:19,false,Krafttrai​ning,"0,00",354,00:50:30,117,137,"2,3",--,--,--,--,--,--,--,--,--,--,--,"0,0",--,--,--,--,796,395,54,-8,Nein,00:50:30,1,00:20:53,00:50:30,--,--
Krafttraining,2025-06-24 11:28:29,false,Krafttrai​ning,"0,00",287,00:35:29,122,152,"2,6",--,--,--,--,--,--,--,--,--,--,--,"0,0",--,--,--,--,510,255,29,-5,Nein,00:35:29,1,00:14:53,00:35:29,--,--
Krafttraining,2025-06-19 08:52:00,false,Krafttrai​ning,"0,00",238,00:42:29,105,128,"1,5",--,--,--,--,--,--,--,--,--,--,--,"0,0",--,--,--,--,678,339,43,-6,Nein,00:42:29,1,00:16:31,00:42:29,--,--
Laufbandtraining,2025-06-18 08:43:15,false,Laufbandtraining,"6,00",400,00:46:15,127,144,"3,0",131,248,7:43,3:31,--,--,"0,88","9,1","7,3",313,218,"0,0",188,561,--,--,6.038,--,--,-13,Nein,"00:00:02,6",6,00:45:25,00:46:15,--,--
Krafttraining,2025-06-17 08:33:11,false,Krafttrai​ning,"0,00",181,00:27:16,111,126,"1,7",--,--,--,--,--,--,--,--,--,--,--,"0,0",--,--,--,--,756,378,34,-5,Nein,00:27:16,1,00:13:18,00:27:16,--,--
Krafttraining,2025-06-16 08:42:21,false,Krafttrai​ning,"0,00",307,00:48:08,112,139,"2,1",--,--,--,--,--,--,--,--,--,--,--,"0,0",--,--,--,--,834,417,45,-9,Nein,00:48:08,1,00:20:04,00:48:08,--,--
Gehen,2025-06-13 08:06:01,false,Nassereith Gehen,"10,28",694,01:53:35,103,125,"2,8",127,160,11:03,5:50,224,226,"0,71",--,--,--,--,"0,0",--,--,--,--,14.474,--,--,-18,Nein,"00:03:24,9",11,01:53:16,01:53:35,817,894
Krafttraining,2025-06-12 08:55:14,false,Krafttrai​ning,"0,00",247,00:41:41,109,131,"1,8",--,--,--,--,--,--,--,--,--,--,--,"0,0",--,--,--,--,750,375,40,-7,Nein,00:41:41,1,00:18:00,00:41:41,--,--
Krafttraining,2025-06-11 09:06:14,false,Krafttrai​ning,"0,00",328,00:53:30,112,143,"2,1",--,--,--,--,--,--,--,--,--,--,--,"0,0",--,--,--,--,904,452,49,-8,Nein,00:53:30,1,00:21:18,00:53:30,--,--
Laufbandtraining,2025-06-10 08:55:30,false,Laufbandtraining,"5,00",288,00:38:14,119,148,"2,5",153,248,7:39,3:10,--,--,"0,95","9,1","8,4",303,286,"0,0",267,584,--,--,5.982,--,--,-10,Nein,"00:03:29,3",6,00:37:51,00:38:14,--,--
Krafttraining,2025-06-09 09:28:44,false,Krafttrai​ning,"0,00",254,00:52:53,101,122,"1,1",--,--,--,--,--,--,--,--,--,--,--,"0,0",--,--,--,--,1.080,540,55,-8,Nein,00:52:53,1,00:22:37,00:52:53,--,--
Gehen,2025-06-08 12:47:23,false,Nassereith Gehen,"8,78",609,01:32:45,111,136,"2,8",129,155,10:34,5:27,180,183,"0,74",--,--,--,--,"0,0",--,--,--,--,12.044,--,--,-13,Nein,"00:00:03,6",12,01:32:16,01:32:45,819,893
Laufbandtraining,2025-06-07 09:58:01,false,Laufbandtraining,"4,00",227,00:30:07,118,141,"2,3",149,192,7:32,3:38,--,--,"0,95","8,9","8,2",296,272,"0,0",253,543,--,--,4.724,--,--,-6,Nein,"00:00:52,5",5,00:28:53,00:30:07,--,--
Krafttraining,2025-06-07 09:08:37,false,Krafttrai​ning,"0,00",218,00:41:56,102,154,"1,5",--,--,--,--,--,--,--,--,--,--,--,"0,0",--,--,--,--,698,349,41,-6,Nein,00:41:56,1,00:17:24,00:41:56,--,--
Gehen,2025-06-04 10:01:58,false,Nassereith Gehen,"8,53",606,01:34:46,110,132,"2,5",124,156,11:06,5:54,137,130,"0,73",--,--,--,--,"0,0",--,--,--,--,11.774,--,--,-8,Nein,"00:06:27,4",9,01:33:01,01:34:46,825,889
Krafttraining,2025-06-04 08:54:05,false,Krafttrai​ning,"0,00",232,00:35:12,109,125,"1,7",--,--,--,--,--,--,--,--,--,--,--,"0,0",--,--,--,--,876,438,42,-25,Nein,00:35:12,1,00:16:17,00:35:12,--,--
Krafttraining,2025-06-03 09:14:55,false,Krafttrai​ning,"0,00",315,00:47:40,111,141,"2,1",--,--,--,--,--,--,--,--,--,--,--,"0,0",--,--,--,--,784,392,48,-5,Nein,00:47:40,1,00:19:06,00:48:10,--,--
Indoor Cycling,2025-06-02 10:15:13,false,Indoor Cycling,"20,10",356,00:57:17,109,126,"2,1",--,--,"21,1",--,--,--,--,--,--,--,--,"0,0",--,--,--,--,--,--,--,-5,Nein,00:57:17,1,00:00:00,00:57:17,--,--
Krafttraining,2025-06-01 09:14:51,false,Krafttrai​ning,"0,00",408,00:58:05,115,158,"2,3",--,--,--,--,--,--,--,--,--,--,--,"0,0",--,--,--,--,974,487,63,-11,Nein,00:58:05,1,00:22:20,00:58:05,--,--
Krafttraining,2025-05-24 08:55:02,false,Krafttrai​ning,"0,00",413,01:05:01,112,137,"2,2",--,--,--,--,--,--,--,--,--,--,--,"0,0",--,--,--,--,1.164,582,67,-10,Nein,01:05:01,1,00:26:40,01:05:01,--,--
Laufbandtraining,2025-05-23 08:52:59,false,Laufbandtraining,"8,00",483,01:02:25,122,143,"2,9",141,167,7:48,6:47,--,--,"0,94","9,0","8,0",311,247,"0,0",235,302,--,--,9.054,--,--,-13,Nein,"00:07:02,8",8,01:02:09,01:02:25,--,--
Laufbandtraining,2025-05-22 09:29:57,false,Laufbandtraining,"5,00",283,00:38:10,115,147,"2,2",144,192,7:38,2:37,--,--,"0,98","8,8","8,1",304,268,"0,0",249,679,--,--,5.626,--,--,-8,Nein,"00:00:01,4",9,00:38:05,00:38:23,--,--
Krafttraining,2025-05-22 08:30:24,false,Krafttrai​ning,"0,00",258,00:48:06,101,140,"1,3",--,--,--,--,--,--,--,--,--,--,--,"0,0",--,--,--,--,846,423,55,-7,Nein,00:48:06,1,00:18:24,00:48:06,--,--
Krafttraining,2025-05-21 08:08:15,false,Krafttrai​ning,"0,00",189,00:32:02,104,144,"1,3",--,--,--,--,--,--,--,--,--,--,--,"0,0",--,--,--,--,620,310,39,-4,Nein,00:32:02,1,00:12:24,00:32:02,--,--
Gehen,2025-05-20 09:26:03,false,Nassereith Gehen,"8,73",623,01:33:48,107,128,"2,4",127,144,10:45,4:21,166,152,"0,73",--,--,--,--,"0,0",--,--,--,--,11.980,--,--,-11,Nein,"00:08:11,2",9,01:33:23,01:33:48,820,893
Krafttraining,2025-05-20 08:14:20,false,Krafttrai​ning,"0,00",349,00:47:55,112,145,"2,1",--,--,--,--,--,--,--,--,--,--,--,"0,0",--,--,--,--,788,394,46,-8,Nein,00:47:55,1,00:21:44,00:47:55,--,--
Laufbandtraining,2025-05-17 09:19:12,false,Laufbandtraining,"4,00",243,00:30:38,113,131,"2,0",144,182,7:40,5:30,--,--,"0,97","8,9","8,2",304,265,"0,0",252,358,--,--,4.540,--,--,-7,Nein,"00:00:53,0",5,00:30:00,00:30:38,--,--
Krafttraining,2025-05-17 08:26:29,false,Krafttrai​ning,"0,00",254,00:41:49,102,127,"1,3",--,--,--,--,--,--,--,--,--,--,--,"0,0",--,--,--,--,758,379,43,-8,Nein,00:41:49,1,00:19:31,00:41:49,--,--
Krafttraining,2025-05-16 08:20:55,false,Krafttrai​ning,"0,00",156,00:24:24,103,119,"1,0",--,--,--,--,--,--,--,--,--,--,--,"0,0",--,--,--,--,398,199,26,-4,Nein,00:24:24,1,00:11:39,00:24:24,--,--
Laufbandtraining,2025-05-15 09:27:40,false,Laufbandtraining,"5,00",359,00:39:07,123,129,"2,6",138,165,7:49,7:07,--,--,"0,94","8,8","7,6",308,229,"0,0",215,285,--,--,5.574,--,--,-7,Nein,"00:05:28,7",5,00:38:51,00:39:07,--,--
Krafttraining,2025-05-15 08:28:43,false,Krafttrai​ning,"0,00",364,00:47:29,114,149,"2,3",--,--,--,--,--,--,--,--,--,--,--,"0,0",--,--,--,--,872,436,53,-8,Nein,00:47:29,1,00:20:36,00:47:29,--,--
Krafttraining,2025-05-13 09:38:45,false,Krafttrai​ning,"0,00",401,00:52:54,115,140,"2,3",--,--,--,--,--,--,--,--,--,--,--,"0,0",--,--,--,--,778,389,49,-10,Nein,00:52:54,1,00:20:13,00:52:54,--,--
Krafttraining,2025-05-11 08:16:54,false,Krafttrai​ning,"0,00",289,00:44:19,106,135,"1,7",--,--,--,--,--,--,--,--,--,--,--,"0,0",--,--,--,--,922,461,47,-8,Nein,00:44:19,1,00:19:17,00:44:19,--,--
Krafttraining,2025-05-09 08:20:58,false,Krafttrai​ning,"0,00",446,01:02:46,113,136,"2,2",--,--,--,--,--,--,--,--,--,--,--,"0,0",--,--,--,--,1.096,548,64,-11,Nein,01:02:46,1,00:26:11,01:02:46,--,--
Gehen,2025-05-08 10:09:20,false,Pfunds Gehen,"5,00",341,00:55:54,88,110,"1,7",127,140,11:12,8:23,74,70,"0,71",--,--,--,--,"0,0",--,--,--,--,7.102,--,--,-9,Nein,00:10:39,5,00:54:00,00:55:54,952,1.002
Gehen,2025-05-07 09:46:47,false,Nassereith Gehen,"9,01",608,01:37:14,94,115,"2,3",127,150,10:48,7:28,174,171,"0,73",--,--,--,--,"0,0",--,--,--,--,12.378,--,--,-16,Nein,"00:00:05,4",10,01:35:34,01:37:14,819,892
Krafttraining,2025-05-06 09:56:26,false,Krafttrai​ning,"0,00",208,00:49:15,91,121,"0,5",--,--,--,--,--,--,--,--,--,--,--,"0,0",--,--,--,--,824,412,46,-7,Nein,00:49:15,1,00:20:29,00:49:15,--,--
Laufbandtraining,2025-05-04 09:58:40,false,Laufbandtraining,"5,00",202,00:40:43,99,107,"0,9",149,165,8:09,6:59,--,--,"0,88","9,7","8,4",316,255,"0,0",247,283,--,--,6.074,--,--,-5,Nein,"00:00:26,5",6,00:38:54,00:40:43,--,--
Indoor Cycling,2025-05-04 08:47:28,false,Indoor Cycling,"20,00",274,01:03:18,96,107,"0,4",--,--,"19,0",--,--,--,--,--,--,--,--,"0,0",--,--,--,--,--,--,--,-8,Nein,01:03:18,1,00:00:00,01:03:18,--,--
Krafttraining,2025-05-03 09:40:27,false,Krafttrai​ning,"0,00",183,00:37:00,97,127,"0,6",--,--,--,--,--,--,--,--,--,--,--,"0,0",--,--,--,--,784,392,40,-6,Nein,00:37:00,1,00:16:10,00:37:00,--,--
Gehen,2025-05-01 10:08:08,false,Nassereith Gehen,"8,64",607,01:40:44,102,123,"2,3",118,158,11:39,6:47,142,133,"0,74",--,--,--,--,"0,0",--,--,--,--,12.024,--,--,-12,Nein,"00:00:01,6",11,01:34:38,01:40:44,824,889
Krafttraining,2025-05-01 08:38:59,false,Krafttrai​ning,"0,00",281,00:46:45,107,149,"1,5",--,--,--,--,--,--,--,--,--,--,--,"0,0",--,--,--,--,788,394,49,-7,Nein,00:46:45,1,00:19:04,00:46:45,--,--
Laufbandtraining,2025-04-30 10:44:02,false,Laufbandtraining,"5,00",332,00:37:33,125,137,"2,5",149,188,7:31,5:52,--,--,"0,87","9,5","8,0",310,251,"0,0",242,333,--,--,5.738,--,--,-7,Nein,"00:06:19,7",5,00:37:03,00:37:33,--,--
Krafttraining,2025-04-30 09:56:12,false,Krafttrai​ning,"0,00",267,00:38:31,113,146,"2,0",--,--,--,--,--,--,--,--,--,--,--,"0,0",--,--,--,--,704,352,38,-18,Nein,00:38:31,1,00:17:07,00:38:31,--,--
Gehen,2025-04-29 09:17:37,false,Nassereith Gehen,"13,36",999,02:45:48,103,132,"2,6",110,247,12:25,6:08,421,405,"0,74",--,--,--,--,"0,0",--,--,--,--,18.648,--,--,-21,Nein,"00:07:05,7",14,02:38:01,02:58:58,865,1.183
Mountainbiken,2025-04-28 11:29:19,false,Nassereith Mountainbiken,"24,33",565,01:29:48,115,138,"2,4",--,--,"16,3","42,0",215,217,--,--,--,--,--,"0,0",--,--,"14,7","2,7",--,--,--,-13,Nein,00:14:48,5,01:25:40,01:29:48,787,873
Krafttraining,2025-04-28 10:13:18,false,Krafttrai​ning,"0,00",340,00:48:13,115,137,"2,1",--,--,--,--,--,--,--,--,--,--,--,"0,0",--,--,--,--,766,383,47,-9,Nein,00:48:13,1,00:21:17,00:48:13,--,--
Krafttraining,2025-04-27 08:34:38,false,Krafttrai​ning,"0,00",242,00:38:49,108,130,"1,5",--,--,--,--,--,--,--,--,--,--,--,"0,0",--,--,--,--,594,297,34,-5,Nein,00:38:49,1,00:17:10,00:38:49,--,--
Gehen,2025-04-26 09:07:04,false,Nassereith Gehen,"10,19",724,01:51:32,111,138,"2,5",124,141,10:57,6:55,189,179,"0,74",--,--,--,--,"0,0",--,--,--,--,13.882,--,--,-11,Nein,"00:03:15,2",11,01:49:43,01:51:32,820,911
Krafttraining,2025-04-25 09:24:40,false,Krafttrai​ning,"0,00",421,00:52:47,121,147,"2,5",--,--,--,--,--,--,--,--,--,--,--,"0,0",--,--,--,--,1.128,564,56,-10,Nein,00:52:47,1,00:22:47,00:52:47,--,--
Laufbandtraining,2025-04-22 09:20:22,false,Laufbandtraining,"4,00",286,00:31:27,124,130,"2,3",151,160,7:52,5:28,--,--,"1,14","8,6","9,8",299,343,"0,0",338,365,--,--,4.712,--,--,-3,Nein,"00:02:11,1",6,00:31:06,00:31:27,--,--
Krafttraining,2025-04-22 08:33:18,false,Krafttrai​ning,"0,00",302,00:41:08,114,140,"2,1",--,--,--,--,--,--,--,--,--,--,--,"0,0",--,--,--,--,674,337,36,-3,Nein,00:41:08,1,00:17:28,00:41:08,--,--
Krafttraining,2025-04-19 09:15:55,false,Krafttrai​ning,"0,00",467,01:01:35,119,144,"2,3",--,--,--,--,--,--,--,--,--,--,--,"0,0",--,--,--,--,1.106,553,65,-9,Nein,01:01:35,1,00:24:45,01:01:35,--,--
Gehen,2025-04-18 10:13:54,false,Nassereith Gehen,"13,03",919,02:13:24,110,131,"2,8",128,158,10:14,7:17,226,224,"0,76",--,--,--,--,"0,0",--,--,--,--,17.098,--,--,-18,Nein,"00:00:47,8",14,02:10:53,02:13:24,810,893
Krafttraining,2025-04-17 09:09:22,false,Krafttrai​ning,"0,00",555,01:06:06,126,163,"2,8",--,--,--,--,--,--,--,--,--,--,--,"0,0",--,--,--,--,1.120,560,60,-12,Nein,01:06:06,1,00:28:24,01:06:06,--,--
Krafttraining,2025-04-15 14:51:55,false,Krafttrai​ning,"0,00",400,00:49:42,121,145,"2,3",--,--,--,--,--,--,--,--,--,--,--,"0,0",--,--,--,--,866,433,51,-6,Nein,00:49:42,1,00:18:42,00:49:42,--,--
Laufbandtraining,2025-04-14 09:36:50,false,Laufbandtraining,"6,00",429,00:42:13,135,155,"3,3",120,190,7:02,3:10,--,--,"0,93","8,5","7,1",319,232,"0,0",177,576,--,--,6.610,--,--,-11,Nein,"00:03:49,2",5,00:42:09,00:42:13,--,--
Krafttraining,2025-04-13 14:14:41,false,Krafttrai​ning,"0,00",267,00:38:52,112,134,"1,8",--,--,--,--,--,--,--,--,--,--,--,"0,0",--,--,--,--,710,355,39,-4,Nein,00:38:52,1,00:16:08,00:38:52,--,--
Gehen,2025-04-13 09:28:46,false,Nassereith Gehen,"9,07",641,01:34:20,109,135,"2,5",127,155,10:24,5:18,174,168,"0,75",--,--,--,--,"0,0",--,--,--,--,12.134,--,--,-16,Nein,"00:01:12,1",10,01:33:41,01:34:20,821,889
Gehen,2025-04-11 13:14:57,false,Nassereith Gehen,"9,78",719,01:43:48,115,135,"2,7",125,156,10:37,8:19,165,170,"0,75",--,--,--,--,"0,0",--,--,--,--,13.042,--,--,-11,Nein,"00:09:21,5",10,01:41:15,01:43:48,839,948
Krafttraining,2025-04-11 09:41:24,false,Krafttrai​ning,"0,00",401,00:51:48,120,150,"2,4",--,--,--,--,--,--,--,--,--,--,--,"0,0",--,--,--,--,856,428,50,-9,Nein,00:51:48,1,00:20:59,00:51:48,--,--
Laufbandtraining,2025-04-09 08:17:19,false,Laufbandtraining,"5,00",402,00:38:42,136,151,"3,3",151,179,7:44,4:02,--,--,"0,89","9,6","8,5",316,267,"0,0",263,512,--,--,5.852,--,--,-10,Nein,"00:01:11,0",6,00:38:16,00:38:42,--,--
Krafttraining,2025-04-09 07:29:19,false,Krafttrai​ning,"0,00",329,00:39:38,122,146,"2,5",--,--,--,--,--,--,--,--,--,--,--,"0,0",--,--,--,--,930,465,40,-8,Nein,00:39:38,1,00:17:15,00:39:38,--,--
Krafttraining,2025-04-07 09:27:45,false,Krafttrai​ning,"0,00",366,00:50:46,116,148,"2,3",--,--,--,--,--,--,--,--,--,--,--,"0,0",--,--,--,--,836,418,44,-8,Nein,00:50:46,1,00:22:05,00:50:46,--,--
Krafttraining,2025-04-05 15:49:19,false,Krafttrai​ning,"0,00",407,00:58:56,116,161,"2,2",--,--,--,--,--,--,--,--,--,--,--,"0,0",--,--,--,--,1.066,533,65,-9,Nein,00:58:56,1,00:24:30,00:58:56,--,--
Mountainbiken,2025-04-04 15:19:27,false,Nassereith Mountainbiken,"21,97",640,01:16:03,126,149,"3,1",--,--,"17,3","38,9",173,175,--,--,--,--,--,"0,0",--,--,"13,1","3,0",--,--,--,-8,Nein,00:10:32,5,01:13:58,01:16:03,785,871
Krafttraining,2025-04-03 16:37:02,false,Krafttrai​ning,"0,00",337,00:40:11,122,150,"2,5",--,--,--,--,--,--,--,--,--,--,--,"0,0",--,--,--,--,804,402,47,-5,Nein,00:40:11,1,00:15:52,00:40:11,--,--
Gehen,2025-04-02 09:37:47,false,Nassereith Gehen,"8,70",650,01:26:42,121,147,"2,7",130,150,9:58,7:07,173,164,"0,77",--,--,--,--,"0,0",--,--,--,--,11.280,--,--,-13,Nein,"00:07:46,3",9,01:26:19,01:26:42,816,890
Krafttraining,2025-04-01 10:14:59,false,Krafttrai​ning,"0,00",361,00:45:45,120,170,"2,4",--,--,--,--,--,--,--,--,--,--,--,"0,0",--,--,--,--,754,377,43,-9,Nein,00:45:45,1,00:17:46,00:45:45,--,--
Krafttraining,2025-03-29 09:43:15,false,Krafttrai​ning,"0,00",335,00:42:19,120,145,"2,3",--,--,--,--,--,--,--,--,--,--,--,"0,0",--,--,--,--,1.006,503,47,-8,Nein,00:42:19,1,00:18:29,00:42:19,--,--
Laufbandtraining,2025-03-28 09:55:25,false,Laufbandtraining,"5,00",322,00:39:12,121,141,"2,2",149,184,7:50,3:53,--,--,"0,88","9,7","8,4",315,263,"0,0",252,528,--,--,5.894,--,--,-5,Nein,"00:07:15,4",5,00:37:46,00:39:12,--,--
Indoor Cycling,2025-03-28 09:11:19,false,Indoor Cycling,"15,00",416,00:42:02,132,142,"3,1",--,--,"21,4",--,--,--,--,--,--,--,--,"0,0",--,--,--,--,--,--,--,-11,Nein,00:42:02,1,00:00:00,00:42:02,--,--
Krafttraining,2025-03-27 09:27:23,false,Krafttrai​ning,"0,00",428,00:54:47,121,154,"2,4",--,--,--,--,--,--,--,--,--,--,--,"0,0",--,--,--,--,862,431,51,-9,Nein,00:54:47,1,00:20:42,00:54:47,--,--
Krafttraining,2025-03-26 10:04:33,false,Krafttrai​ning,"0,00",355,00:43:58,121,154,"2,4",--,--,--,--,--,--,--,--,--,--,--,"0,0",--,--,--,--,882,441,42,-6,Nein,00:43:58,1,00:16:05,00:43:58,--,--
Krafttraining,2025-03-25 07:58:24,false,Krafttrai​ning,"0,00",509,00:50:16,136,164,"3,3",--,--,--,--,--,--,--,--,--,--,--,"0,0",--,--,--,--,832,416,52,-12,Nein,00:50:16,1,00:20:21,00:50:16,--,--
Gehen,2025-03-24 08:31:44,false,Nassereith Gehen,"10,04",728,01:46:18,112,143,"2,7",123,158,10:35,8:28,191,186,"0,77",--,--,--,--,"0,0",--,--,--,--,13.196,--,--,-16,Nein,"00:00:59,3",11,01:44:43,01:46:18,819,890
Krafttraining,2025-03-23 10:24:19,false,Krafttrai​ning,"0,00",293,00:39:02,116,146,"2,2",--,--,--,--,--,--,--,--,--,--,--,"0,0",--,--,--,--,772,386,44,-7,Nein,00:39:02,1,00:14:19,00:39:02,--,--
Laufbandtraining,2025-03-22 09:28:05,false,Laufbandtraining,"8,00",415,01:00:09,117,142,"2,6",152,176,7:31,4:03,--,--,"0,90","9,6","8,5",312,270,"0,0",264,515,--,--,9.140,--,--,-9,Nein,"00:00:47,8",9,00:59:42,01:00:09,--,--
Krafttraining,2025-03-21 08:35:44,false,Krafttrai​ning,"0,00",576,01:02:54,132,153,"3,3",--,--,--,--,--,--,--,--,--,--,--,"0,0",--,--,--,--,1.050,525,67,-15,Nein,01:02:54,1,00:21:19,01:02:54,--,--
Skifahren (Piste),2025-03-19 10:57:43,false,Nauders Skifahren,"15,93",401,01:35:09,91,146,"1,0",--,--,"15,8","69,5",2.577,3.317,--,--,--,--,--,"0,0",--,--,--,--,--,--,--,-6,Nein,"00:04:28,0",7,01:07:26,01:35:09,1.398,2.745
Krafttraining,2025-03-18 15:53:43,false,Krafttrai​ning,"0,00",277,00:41:31,110,140,"2,0",--,--,--,--,--,--,--,--,--,--,--,"0,0",--,--,--,--,724,356,44,-6,Nein,00:41:31,1,00:17:31,00:41:31,--,--
Gehen,2025-03-17 08:38:23,false,Nassereith Gehen,"11,81",838,02:01:29,112,132,"2,8",128,143,10:17,6:10,172,171,"0,76",--,--,--,--,"0,0",--,--,--,--,15.664,--,--,-15,Nein,"00:09:32,3",12,01:57:12,02:01:29,808,888
Krafttraining,2025-03-16 10:42:46,false,Krafttrai​ning,"0,00",471,00:59:10,124,154,"2,8",--,--,--,--,--,--,--,--,--,--,--,"0,0",--,--,--,--,1.052,526,65,-12,Nein,00:59:10,1,00:22:52,00:59:10,--,--
Gehen,2025-03-14 08:10:31,false,Nassereith Gehen,"10,05",726,01:45:26,118,144,"2,7",128,154,10:29,6:19,190,185,"0,74",--,--,--,--,"0,0",--,--,--,--,13.554,--,--,-16,Nein,"00:01:09,1",11,01:44:38,01:45:26,820,897
Krafttraining,2025-03-13 09:23:49,false,Krafttrai​ning,"0,00",350,00:47:08,118,152,"2,2",--,--,--,--,--,--,--,--,--,--,--,"0,0",--,--,--,--,802,401,49,-8,Nein,00:47:08,1,00:19:42,00:47:08,--,--
Laufbandtraining,2025-03-12 09:18:56,false,Laufbandtraining,"8,00",455,01:00:28,119,141,"2,4",150,186,7:34,2:49,--,--,"1,11","8,5","9,2",298,324,"0,0",315,648,--,--,9.204,--,--,-32,Nein,"00:05:10,8",10,00:59:53,01:00:28,--,--
Skifahren (Piste),2025-03-11 10:56:29,false,Schoneben Skifahren,"24,31",538,02:57:54,80,122,"0,6",--,--,"10,5","85,4",1.971,2.680,--,--,--,--,--,"0,0",--,--,--,--,--,--,--,-7,Nein,"00:02:44,7",9,01:38:54,02:57:54,1.343,2.387
Krafttraining,2025-03-10 08:32:54,false,Krafttrai​ning,"0,00",372,00:48:19,120,142,"2,3",--,--,--,--,--,--,--,--,--,--,--,"0,0",--,--,--,--,788,394,52,-8,Nein,00:48:19,1,00:19:52,00:48:19,--,--
Krafttraining,2025-03-08 08:16:31,false,Krafttrai​ning,"0,00",425,00:52:58,123,156,"2,6",--,--,--,--,--,--,--,--,--,--,--,"0,0",--,--,--,--,1.072,536,57,-9,Nein,00:52:58,1,00:23:25,00:52:58,--,--
Gehen,2025-03-06 09:38:43,false,Nassereith Gehen,"8,50",604,01:30:42,111,136,"2,3",126,141,10:40,6:21,153,146,"0,74",--,--,--,--,"0,0",--,--,--,--,11.490,--,--,-7,Nein,"00:06:06,8",9,01:29:50,01:30:42,821,896
Krafttraining,2025-03-06 08:21:41,false,Krafttrai​ning,"0,00",417,00:47:23,125,172,"2,7",--,--,--,--,--,--,--,--,--,--,--,"0,0",--,--,--,--,788,394,47,-8,Nein,00:47:23,1,00:19:46,00:47:23,--,--
Krafttraining,2025-03-03 09:06:24,false,Krafttrai​ning,"0,00",345,00:39:17,123,148,"2,5",--,--,--,--,--,--,--,--,--,--,--,"0,0",--,--,--,--,716,358,40,-6,Nein,00:39:17,1,00:16:47,00:39:17,--,--
Krafttraining,2025-03-02 10:29:50,false,Krafttrai​ning,"0,00",404,00:41:25,132,154,"3,1",--,--,--,--,--,--,--,--,--,--,--,"0,0",--,--,--,--,714,357,42,-6,Nein,00:41:25,1,00:18:26,00:41:25,--,--
Gehen,2025-03-01 09:22:54,false,Nassereith Gehen,"9,97",706,01:39:58,106,145,"2,7",129,156,10:01,5:28,172,171,"0,77",--,--,--,--,"0,0",--,--,--,--,12.952,--,--,-6,Nein,"00:00:01,8",12,01:39:20,01:39:58,822,893
Krafttraining,2025-02-28 09:21:59,false,Krafttrai​ning,"0,00",582,01:41:29,112,156,"3,3",--,--,--,--,--,--,--,--,--,--,--,"0,0",--,--,--,--,664,332,38,-13,Nein,01:41:29,1,00:15:31,01:41:29,--,--
Gehen,2025-02-27 10:39:55,false,Nassereith Gehen,"8,98",640,01:34:24,113,143,"2,6",125,147,10:31,5:24,165,158,"0,76",--,--,--,--,"0,0",--,--,--,--,12.098,--,--,-14,Nein,"00:09:34,1",9,01:32:44,01:34:24,827,892
Krafttraining,2025-02-23 09:06:02,false,Krafttrai​ning,"0,00",595,01:01:47,137,159,"4,0",--,--,--,--,--,--,--,--,--,--,--,"0,0",--,--,--,--,1.006,503,60,-17,Nein,01:01:47,1,00:22:01,01:01:47,--,--
Gehen,2025-02-21 09:34:23,false,Nassereith Gehen,"9,10",629,01:36:54,108,137,"2,5",125,156,10:39,6:51,184,178,"0,75",--,--,--,--,"0,0",--,--,--,--,12.302,--,--,-13,Nein,"00:01:48,3",10,01:35:59,01:36:54,820,890
Krafttraining,2025-02-20 10:11:12,false,Krafttrai​ning,"0,00",424,00:53:43,123,154,"2,7",--,--,--,--,--,--,--,--,--,--,--,"0,0",--,--,--,--,838,419,53,-10,Nein,00:53:43,1,00:21:27,00:53:43,--,--
Laufbandtraining,2025-02-19 10:05:53,false,Laufbandtraining,"5,00",317,00:36:08,126,145,"2,8",127,210,7:13,3:14,--,--,"0,96","8,3","7,4",305,250,"0,0",202,607,--,--,5.204,--,--,-7,Nein,"00:01:34,0",5,00:35:29,00:36:08,--,--
Indoor Cycling,2025-02-19 09:03:57,false,Indoor Cycling,"20,00",456,00:59:02,123,135,"2,9",--,--,"20,3",--,--,--,--,--,--,--,--,"0,0",--,--,--,--,--,--,--,-11,Nein,00:59:02,1,00:00:00,00:59:02,--,--
Krafttraining,2025-02-18 09:00:43,false,Krafttrai​ning,"0,00",295,00:46:07,112,142,"2,1",--,--,--,--,--,--,--,--,--,--,--,"0,0",--,--,--,--,862,431,58,-9,Nein,00:46:07,1,00:25:58,00:50:31,--,--
Gehen,2025-02-15 08:41:15,false,Nassereith Gehen,"8,48",602,01:27:00,111,136,"2,7",133,158,10:15,7:36,146,144,"0,73",--,--,--,--,"0,0",--,--,--,--,11.618,--,--,-14,Nein,"00:05:22,0",9,01:26:20,01:27:00,827,894
Krafttraining,2025-02-14 08:30:33,false,Krafttrai​ning,"0,00",293,00:50:34,107,130,"1,7",--,--,--,--,--,--,--,--,--,--,--,"0,0",--,--,--,--,862,431,52,-7,Nein,00:50:34,1,00:21:31,00:50:34,--,--
Gehen,2025-02-13 09:36:03,false,Nassereith Gehen,"8,80",629,01:38:01,109,136,"2,6",126,158,11:08,5:24,163,158,"0,71",--,--,--,--,"0,0",--,--,--,--,12.372,--,--,-17,Nein,"00:09:40,6",9,01:37:10,01:38:01,822,888
Indoor Cycling,2025-02-12 09:01:04,false,Indoor Cycling,"15,00",357,00:44:32,121,133,"2,6",--,--,"20,2",--,--,--,--,--,--,--,--,"0,0",--,--,--,--,--,--,--,-8,Nein,00:44:32,1,00:00:00,00:44:32,--,--
Krafttraining,2025-02-12 08:27:37,false,Krafttrai​ning,"0,00",163,00:25:27,107,126,"1,4",--,--,--,--,--,--,--,--,--,--,--,"0,0",--,--,--,--,704,352,26,-5,Nein,00:25:27,1,00:11:33,00:25:27,--,--
Krafttraining,2025-02-11 08:21:49,false,Krafttrai​ning,"0,00",349,00:49:32,114,156,"2,2",--,--,--,--,--,--,--,--,--,--,--,"0,0",--,--,--,--,774,387,52,-10,Nein,00:49:32,1,00:20:08,00:49:32,--,--
Gehen,2025-02-09 08:20:25,false,Nassereith Gehen,"11,88",823,02:10:14,104,133,"2,7",126,155,10:58,8:07,189,184,"0,72",--,--,--,--,"0,0",--,--,--,--,16.574,--,--,-17,Nein,"00:09:49,8",12,02:08:48,02:10:14,810,892
Laufbandtraining,2025-02-08 09:25:03,false,Laufbandtraining,"5,00",345,00:39:16,125,130,"2,7",141,160,7:51,7:07,--,--,"0,91","9,2","7,8",310,236,"0,0",224,294,--,--,5.686,--,--,-8,Nein,"00:06:50,5",5,00:38:38,00:39:16,--,--
Krafttraining,2025-02-08 08:42:02,false,Krafttrai​ning,"0,00",242,00:34:27,114,137,"2,1",--,--,--,--,--,--,--,--,--,--,--,"0,0",--,--,--,--,782,391,40,-6,Nein,00:34:27,1,00:16:15,00:34:27,--,--
Krafttraining,2025-02-07 09:27:37,false,Krafttrai​ning,"0,00",256,00:41:17,107,137,"1,7",--,--,--,--,--,--,--,--,--,--,--,"0,0",--,--,--,--,744,372,42,-5,Nein,00:41:17,1,00:19:44,00:41:29,--,--
Gehen,2025-02-05 09:03:42,false,Nassereith Gehen,"9,39",645,01:42:16,102,125,"2,5",127,250,10:54,8:23,168,170,"0,72",--,--,--,--,"0,0",--,--,--,--,13.042,--,--,-13,Nein,"00:04:50,4",10,01:41:28,01:42:16,825,895
Krafttraining,2025-02-04 09:12:51,false,Krafttrai​ning,"0,00",298,00:48:18,110,135,"1,9",--,--,--,--,--,--,--,--,--,--,--,"0,0",--,--,--,--,808,404,52,-6,Nein,00:48:18,1,00:18:54,00:48:18,--,--
Krafttraining,2025-02-03 08:39:01,false,Krafttrai​ning,"0,00",315,00:43:27,118,140,"2,2",--,--,--,--,--,--,--,--,--,--,--,"0,0",--,--,--,--,976,488,41,-8,Nein,00:43:27,1,00:19:11,00:43:27,--,--
Gehen,2025-02-02 10:39:46,false,Nassereith Gehen,"9,89",730,01:44:52,122,146,"2,7",128,152,10:36,8:07,169,164,"0,74",--,--,--,--,"0,0",--,--,--,--,13.528,--,--,-13,Nein,"00:09:34,8",10,01:43:31,01:44:52,821,895
Krafttraining,2025-02-01 08:50:07,false,Krafttrai​ning,"0,00",387,00:44:28,124,156,"2,7",--,--,--,--,--,--,--,--,--,--,--,"0,0",--,--,--,--,818,409,46,-10,Nein,00:44:28,1,00:19:02,00:44:28,--,--
Laufbandtraining,2025-01-28 09:12:46,false,Laufbandtraining,"4,00",291,00:31:18,126,131,"2,5",150,160,7:49,6:44,--,--,"0,92","9,4","8,5",308,268,"0,0",264,306,--,--,4.768,--,--,-5,Nein,"00:02:04,3",5,00:31:00,00:31:18,--,--
Krafttraining,2025-01-28 08:28:37,false,Krafttrai​ning,"0,00",277,00:34:38,119,138,"2,2",--,--,--,--,--,--,--,--,--,--,--,"0,0",--,--,--,--,882,441,42,-4,Nein,00:34:38,1,00:15:44,00:34:38,--,--
Krafttraining,2025-01-27 09:11:50,false,Krafttrai​ning,"0,00",279,00:50:07,103,144,"1,2",--,--,--,--,--,--,--,--,--,--,--,"0,0",--,--,--,--,888,444,56,-9,Nein,00:50:07,1,00:20:30,00:50:07,--,--
Laufbandtraining,2025-01-26 08:36:02,false,Laufbandtraining,"8,00",575,01:00:08,131,148,"3,3",144,248,7:31,3:29,--,--,"0,94","8,9","8,0",304,262,"0,0",241,582,--,--,8.734,--,--,-15,Nein,"00:06:59,2",8,00:59:27,01:00:08,--,--
Krafttraining,2025-01-26 08:14:27,false,Krafttrai​ning,"0,00",96,00:13:51,108,150,"0,9",--,--,--,--,--,--,--,--,--,--,--,"0,0",--,--,--,--,276,138,16,-3,Nein,00:13:51,1,"00:07:54,1",00:13:51,--,--
Gehen,2025-01-25 08:31:08,false,Nassereith Gehen,"9,23",651,01:43:45,104,130,"2,4",124,158,11:14,7:28,195,189,"0,72",--,--,--,--,"0,0",--,--,--,--,13.022,--,--,-43,Nein,"00:02:56,8",10,01:42:26,01:43:45,819,892
Krafttraining,2025-01-24 09:13:54,false,Krafttrai​ning,"0,00",306,00:43:30,114,138,"2,1",--,--,--,--,--,--,--,--,--,--,--,"0,0",--,--,--,--,808,404,46,-7,Nein,00:43:30,1,00:19:00,00:43:30,--,--
Krafttraining,2025-01-21 09:05:49,false,Krafttrai​ning,"0,00",440,00:58:03,119,147,"2,4",--,--,--,--,--,--,--,--,--,--,--,"0,0",--,--,--,--,1.208,604,67,-10,Nein,00:58:03,1,00:25:48,00:58:03,--,--
Gehen,2025-01-19 08:49:04,false,Nassereith Gehen,"12,15",848,02:11:20,108,135,"2,7",131,156,10:49,8:30,183,180,"0,71",--,--,--,--,"0,0",--,--,--,--,17.218,--,--,-18,Nein,"00:02:17,2",13,02:10:52,02:11:20,810,888
Skifahren (Piste),2025-01-18 12:38:31,false,Nauders Skifahren (Piste),"20,88",312,01:47:36,75,115,"0,3",--,--,"23,8","68,9",3.061,3.883,--,--,--,--,--,"0,0",--,--,--,--,--,--,--,-5,Nein,"00:06:50,4",6,01:34:41,01:47:36,1.416,2.646
Krafttraining,2025-01-17 09:11:20,false,Krafttrai​ning,"0,00",293,00:44:51,109,139,"1,6",--,--,--,--,--,--,--,--,--,--,--,"0,0",--,--,--,--,836,418,48,-5,Nein,00:44:51,1,00:18:37,00:44:51,--,--
Laufbandtraining,2025-01-16 09:43:11,false,Laufbandtraining,"5,00",342,00:38:24,124,142,"2,4",152,176,7:41,4:27,--,--,"1,22","8,3","10,1",291,368,"0,0",363,448,--,--,5.836,--,--,-5,Nein,"00:00:16,7",8,00:38:00,00:38:24,--,--
Krafttraining,2025-01-16 08:57:01,false,Krafttrai​ning,"0,00",274,00:36:27,115,137,"2,0",--,--,--,--,--,--,--,--,--,--,--,"0,0",--,--,--,--,674,337,38,-12,Nein,00:36:27,1,00:16:49,00:36:27,--,--
Krafttraining,2025-01-14 08:06:41,false,Krafttrai​ning,"0,00",450,00:44:24,133,167,"3,2",--,--,--,--,--,--,--,--,--,--,--,"0,0",--,--,--,--,836,418,48,-10,Nein,00:44:24,1,00:19:58,00:44:24,--,--
Gehen,2025-01-12 09:14:05,false,Nassereith Gehen,"8,36",569,01:21:52,106,120,"2,3",136,150,9:48,6:52,109,104,"0,75",--,--,--,--,"0,0",--,--,--,--,11.180,--,--,-11,Nein,"00:04:05,0",9,01:21:19,01:21:52,822,889
Laufbandtraining,2025-01-11 09:39:24,false,Laufbandtraining,"4,00",284,00:28:24,130,139,"2,8",115,184,7:06,5:49,--,--,"0,95","8,4","6,8",303,209,"0,0",162,351,--,--,3.772,--,--,-6,Nein,"00:06:59,6",3,00:28:06,00:28:24,--,--
Krafttraining,2025-01-11 08:35:46,false,Krafttrai​ning,"0,00",410,00:53:07,120,152,"2,5",--,--,--,--,--,--,--,--,--,--,--,"0,0",--,--,--,--,1.094,547,59,-10,Nein,00:53:07,1,00:22:32,00:53:07,--,--
Gehen,2025-01-10 10:15:48,false,Nassereith Gehen,"8,51",588,01:31:33,103,122,"2,4",131,158,10:46,7:19,134,131,"0,71",--,--,--,--,"0,0",--,--,--,--,12.114,--,--,-17,Nein,"00:05:41,0",9,01:30:32,01:31:33,823,890
Gehen,2025-01-08 10:09:03,false,Nassereith Gehen,"8,51",592,01:36:28,103,121,"2,3",125,158,11:20,7:52,139,136,"0,71",--,--,--,--,"0,0",--,--,--,--,12.238,--,--,-12,Nein,"00:00:03,4",11,01:34:43,01:36:28,822,887
Krafttraining,2025-01-08 08:25:38,false,Krafttrai​ning,"0,00",281,00:49:14,108,129,"1,5",--,--,--,--,--,--,--,--,--,--,--,"0,0",--,--,--,--,898,449,51,-7,Nein,00:49:14,1,00:19:56,00:49:14,--,--
Gehen,2025-01-05 09:16:52,false,Nassereith Gehen,"8,53",602,01:44:19,108,124,"2,3",123,187,12:14,8:21,142,142,"0,67",--,--,--,--,"0,0",--,--,--,--,12.884,--,--,-9,Nein,"00:07:16,1",9,01:42:49,01:44:19,822,886
Krafttraining,2025-01-05 07:57:15,false,Krafttrai​ning,"0,00",328,00:53:06,110,141,"1,8",--,--,--,--,--,--,--,--,--,--,--,"0,0",--,--,--,--,1.008,504,60,-8,Nein,00:53:06,1,00:23:21,00:53:06,--,--
Indoor Cycling,2025-01-04 07:59:23,false,Indoor Cycling,"20,00",452,00:58:45,122,133,"2,6",--,--,"20,4",--,--,--,--,--,--,--,--,"0,0",--,--,--,--,--,--,--,-10,Nein,00:58:45,1,00:00:00,00:58:45,--,--
Gehen,2025-01-03 08:50:57,false,Nassereith Gehen,"8,51",603,01:34:20,111,131,"2,4",127,144,11:05,8:01,148,142,"0,71",--,--,--,--,"0,0",--,--,--,--,12.076,--,--,-10,Nein,"00:06:25,1",9,01:33:26,01:34:20,820,888
Krafttraining,2025-01-03 07:51:13,false,Krafttrai​ning,"0,00",361,00:47:44,119,147,"2,2",--,--,--,--,--,--,--,--,--,--,--,"0,0",--,--,--,--,938,469,49,-11,Nein,00:47:44,1,00:21:10,00:47:44,--,--
Laufbandtraining,2024-12-31 09:34:59,false,Laufbandtraining,"5,00",288,00:38:02,117,140,"2,1",148,180,7:36,3:42,--,--,"0,89","9,5","8,4",316,264,"0,0",253,560,--,--,5.762,--,--,-8,Nein,"00:06:59,4",5,00:37:42,00:38:02,--,--
Krafttraining,2024-12-31 08:16:40,false,Krafttrai​ning,"0,00",322,00:44:25,117,152,"2,2",--,--,--,--,--,--,--,--,--,--,--,"0,0",--,--,--,--,892,446,48,-17,Nein,00:44:25,1,00:20:58,00:44:25,--,--
Gehen,2024-12-29 09:29:25,false,Nassereith Gehen,"6,27",469,01:14:52,113,130,"2,2",122,160,11:56,8:59,138,141,"0,68",--,--,--,--,"0,0",--,--,--,--,9.234,--,--,-8,Nein,"00:03:28,3",7,01:12:55,01:14:52,859,942
Krafttraining,2024-12-29 08:23:34,false,Krafttrai​ning,"0,00",280,00:31:47,124,160,"2,4",--,--,--,--,--,--,--,--,--,--,--,"0,0",--,--,--,--,596,298,37,-6,Nein,00:31:47,1,00:15:14,00:31:47,--,--
Laufbandtraining,2024-12-27 09:42:00,false,Laufbandtraining,"5,00",348,00:39:39,126,142,"2,5",147,240,7:56,6:43,--,--,"0,84","9,8","8,2",322,245,"0,0",238,313,--,--,5.892,--,--,-7,Nein,"00:06:18,6",5,00:38:28,00:39:39,--,--
Krafttraining,2024-12-27 08:58:47,false,Krafttrai​ning,"0,00",297,00:35:36,122,137,"2,3",--,--,--,--,--,--,--,--,--,--,--,"0,0",--,--,--,--,698,349,39,-14,Nein,00:35:36,1,00:17:17,00:35:36,--,--
Gehen,2024-12-26 09:26:14,false,Nassereith Gehen,"12,89",901,02:24:02,104,134,"3,1",125,231,11:11,7:50,218,213,"0,72",--,--,--,--,"0,0",--,--,--,--,18.068,--,--,-21,Nein,"00:04:43,7",14,02:21:25,02:24:02,814,893
Krafttraining,2024-12-26 08:24:04,false,Krafttrai​ning,"0,00",332,00:48:14,121,139,"2,4",--,--,--,--,--,--,--,--,--,--,--,"0,0",--,--,--,--,1.058,529,64,-11,Nein,00:48:14,1,00:21:32,00:48:14,--,--
Gehen,2024-12-24 12:32:41,false,Nauders Gehen,"1,77",133,00:22:47,111,125,"1,1",112,135,12:52,5:16,28,39,"0,70",--,--,--,--,"0,0",--,--,--,--,2.598,--,--,-2,Nein,"00:09:40,1",2,00:21:33,00:22:47,1.381,1.416
Krafttraining,2024-12-23 09:08:45,false,Krafttrai​ning,"0,00",328,00:44:41,122,144,"2,4",--,--,--,--,--,--,--,--,--,--,--,"0,0",--,--,--,--,906,453,50,-8,Nein,00:44:41,1,00:19:25,00:44:41,--,--
Gehen,2024-12-22 09:14:37,false,Nassereith Gehen,"8,78",654,01:42:51,122,143,"2,4",124,160,11:43,6:49,150,146,"0,69",--,--,--,--,"0,0",--,--,--,--,12.736,--,--,-15,Nein,"00:00:01,7",11,01:42:08,01:42:51,822,893
Gehen,2024-12-21 10:44:04,false,Nassereith Gehen,"8,84",656,01:32:37,123,143,"2,5",131,148,10:28,5:20,177,164,"0,73",--,--,--,--,"0,0",--,--,--,--,12.184,--,--,-7,Nein,"00:09:07,1",9,01:31:51,01:32:37,821,896
Krafttraining,2024-12-21 08:54:47,false,Krafttrai​ning,"0,00",468,00:52:17,127,153,"2,9",--,--,--,--,--,--,--,--,--,--,--,"0,0",--,--,--,--,986,493,53,-9,Nein,00:52:17,1,00:22:05,00:52:17,--,--
Laufbandtraining,2024-12-19 10:22:41,false,Laufbandtraining,"8,00",529,00:56:35,129,152,"3,1",152,210,7:04,2:51,--,--,"1,01","8,8","8,5",295,325,"0,0",288,634,--,--,8.918,--,--,-12,Nein,"00:03:47,2",9,00:56:08,00:56:35,--,--
Krafttraining,2024-12-18 08:59:30,false,Krafttrai​ning,"0,00",380,00:44:16,123,157,"2,5",--,--,--,--,--,--,--,--,--,--,--,"0,0",--,--,--,--,850,425,52,-9,Nein,00:44:16,1,00:19:35,00:44:16,--,--
Krafttraining,2024-12-15 08:52:47,false,Krafttrai​ning,"0,00",414,00:48:53,123,153,"2,5",--,--,--,--,--,--,--,--,--,--,--,"0,0",--,--,--,--,1.050,525,52,-10,Nein,00:48:53,1,00:23:32,00:48:53,--,--
Krafttraining,2024-12-13 08:47:42,false,Krafttrai​ning,"0,00",406,00:50:12,119,153,"2,5",--,--,--,--,--,--,--,--,--,--,--,"0,0",--,--,--,--,962,481,53,-8,Nein,00:50:12,1,00:22:42,00:50:12,--,--
Gehen,2024-12-12 10:37:28,false,Nassereith Gehen,"8,49",601,01:30:03,112,139,"2,4",127,158,10:36,7:54,145,145,"0,74",--,--,--,--,"0,0",--,--,--,--,11.556,--,--,-14,Nein,"00:06:12,7",9,01:29:28,01:30:03,819,894
Laufbandtraining,2024-12-11 13:20:48,false,Laufbandtraining,"8,00",491,00:59:42,122,139,"2,6",145,165,7:28,6:21,--,--,"0,95","9,2","8,5",315,264,"0,0",256,316,--,--,8.936,--,--,-9,Nein,"00:06:57,8",8,00:58:49,00:59:42,--,--
Krafttraining,2024-12-11 09:23:50,false,Krafttrai​ning,"0,00",331,00:36:40,128,149,"2,7",--,--,--,--,--,--,--,--,--,--,--,"0,0",--,--,--,--,712,356,34,-8,Nein,00:36:40,1,00:16:38,00:36:40,--,--
Krafttraining,2024-12-10 08:50:50,false,Krafttrai​ning,"0,00",416,00:49:46,124,151,"2,5",--,--,--,--,--,--,--,--,--,--,--,"0,0",--,--,--,--,984,492,51,-9,Nein,00:49:46,1,00:21:58,00:49:46,--,--
Laufbandtraining,2024-12-08 09:06:14,false,Laufbandtraining,"5,00",330,00:34:45,130,150,"2,8",144,192,6:57,2:51,--,--,"1,00","8,5","8,0",295,323,"0,0",259,636,--,--,5.382,--,--,-8,Nein,"00:05:03,8",5,00:34:19,00:34:45,--,--
Indoor Cycling,2024-12-08 07:58:41,false,Indoor Cycling,"20,10",412,00:59:30,114,133,"2,1",--,--,"20,3",--,--,--,--,--,--,--,--,"0,0",--,--,--,--,--,--,--,-9,Nein,00:59:30,1,00:00:00,00:59:30,--,--
Gehen,2024-12-07 09:08:06,false,Nassereith Gehen,"9,81",702,01:43:56,115,137,"2,5",128,158,10:35,7:46,184,167,"0,74",--,--,--,--,"0,0",--,--,--,--,13.354,--,--,-12,Nein,"00:08:48,6",10,01:43:21,01:43:56,825,899
Krafttraining,2024-12-07 08:06:42,false,Krafttrai​ning,"0,00",271,00:29:19,130,159,"2,8",--,--,--,--,--,--,--,--,--,--,--,"0,0",--,--,--,--,594,297,38,-8,Nein,00:29:19,1,00:17:52,00:29:19,--,--
Gehen,2024-12-05 10:55:15,false,Nassereith Gehen,"8,73",608,01:31:27,114,138,"2,5",130,145,10:29,7:48,172,162,"0,73",--,--,--,--,"0,0",--,--,--,--,11.968,--,--,-11,Nein,"00:08:06,3",9,01:31:06,01:31:27,820,894
Krafttraining,2024-12-05 09:34:01,false,Krafttrai​ning,"0,00",262,00:41:12,109,141,"2,0",--,--,--,--,--,--,--,--,--,--,--,"0,0",--,--,--,--,790,395,44,-6,Nein,00:41:12,1,00:19:57,00:41:12,--,--
Krafttraining,2024-12-03 09:46:12,false,Krafttrai​ning,"0,00",408,00:54:45,121,151,"2,4",--,--,--,--,--,--,--,--,--,--,--,"0,0",--,--,--,--,1.018,509,54,-9,Nein,00:54:45,1,00:24:44,00:54:45,--,--
Laufbandtraining,2024-12-02 08:52:48,false,Laufbandtraining,"4,00",293,00:29:18,136,153,"3,1",151,182,7:20,3:42,--,--,"0,88","9,6","8,3",315,260,"0,0",250,537,--,--,4.450,--,--,-7,Nein,"00:06:21,7",4,00:28:58,00:29:18,--,--
Krafttraining,2024-12-02 08:03:43,false,Krafttrai​ning,"0,00",295,00:38:53,120,143,"2,2",--,--,--,--,--,--,--,--,--,--,--,"0,0",--,--,--,--,834,417,36,-7,Nein,00:38:53,1,00:17:37,00:38:53,--,--
Krafttraining,2024-11-30 08:22:49,false,Krafttrai​ning,"0,00",342,00:51:49,112,143,"2,2",--,--,--,--,--,--,--,--,--,--,--,"0,0",--,--,--,--,938,469,51,-9,Nein,00:51:49,1,00:24:23,00:51:49,--,--
Gehen,2024-11-29 08:06:45,false,Nassereith Gehen,"9,92",693,01:42:47,116,136,"2,8",130,158,10:22,7:52,189,184,"0,74",--,--,--,--,"0,0",--,--,--,--,13.440,--,--,-15,Nein,"00:09:32,1",10,01:41:53,01:42:47,819,887
Krafttraining,2024-11-28 08:40:46,false,Krafttrai​ning,"0,00",523,01:09:41,125,151,"3,1",--,--,--,--,--,--,--,--,--,--,--,"0,0",--,--,--,--,1.072,536,58,-14,Nein,01:09:41,1,00:21:38,01:09:41,--,--
Laufbandtraining,2024-11-27 09:45:05,false,Laufbandtraining,"8,00",510,01:00:53,125,137,"3,0",150,162,7:37,6:49,--,--,"0,92","9,6","8,6",310,261,"0,0",258,288,--,--,9.176,--,--,-31,Nein,"00:01:56,9",9,01:00:06,01:00:53,--,--
Indoor Cycling,2024-11-26 07:58:28,false,Indoor Cycling,"15,00",349,00:41:41,123,143,"3,0",--,--,"21,6",--,--,--,--,--,--,--,--,"0,0",--,--,--,--,--,--,--,-8,Nein,00:41:41,1,00:00:00,00:41:41,--,--
Krafttraining,2024-11-25 08:42:44,false,Krafttrai​ning,"0,00",396,00:50:55,122,150,"2,6",--,--,--,--,--,--,--,--,--,--,--,"0,0",--,--,--,--,1.060,530,55,-9,Nein,00:50:55,1,00:22:27,00:50:55,--,--
Gehen,2024-11-22 09:42:38,false,Nassereith Gehen,"8,74",606,01:43:17,112,128,"2,4",121,153,11:49,7:42,157,157,"0,70",--,--,--,--,"0,0",--,--,--,--,12.656,--,--,-8,Nein,"00:09:47,9",9,01:42:51,01:43:17,819,892
Krafttraining,2024-11-22 08:11:54,false,Krafttrai​ning,"0,00",304,00:40:15,121,142,"2,4",--,--,--,--,--,--,--,--,--,--,--,"0,0",--,--,--,--,734,367,37,-8,Nein,00:40:15,1,00:15:13,00:40:15,--,--
Krafttraining,2024-11-21 07:44:23,false,Krafttrai​ning,"0,00",375,00:46:31,122,151,"2,6",--,--,--,--,--,--,--,--,--,--,--,"0,0",--,--,--,--,874,437,46,-11,Nein,00:46:31,1,00:19:59,00:46:31,--,--
Laufbandtraining,2024-11-18 08:39:12,false,Laufbandtraining,"8,00",529,00:56:38,133,155,"3,4",152,184,7:05,3:04,--,--,"0,94","8,9","8,2",295,281,"0,0",259,588,--,--,9.030,--,--,-14,Nein,"00:06:03,9",8,00:56:16,00:56:38,--,--
Krafttraining,2024-11-17 08:50:31,false,Krafttrai​ning,"0,00",327,00:42:59,119,152,"2,3",--,--,--,--,--,--,--,--,--,--,--,"0,0",--,--,--,--,832,416,50,-10,Nein,00:42:59,1,00:18:34,00:42:59,--,--
Indoor Cycling,2024-11-16 10:21:41,false,Indoor Cycling,"15,10",278,00:45:53,109,120,"1,7",--,--,"19,7",--,--,--,--,--,--,--,--,"0,0",--,--,--,--,--,--,--,-5,Nein,00:45:53,1,00:00:00,00:45:53,--,--
Gehen,2024-11-15 13:17:59,false,Nassereith Gehen,"8,53",614,01:22:23,124,144,"2,7",136,245,9:39,7:00,143,136,"0,76",--,--,--,--,"0,0",--,--,--,--,11.316,--,--,-10,Nein,"00:05:49,7",9,01:21:35,01:22:23,820,890
Krafttraining,2024-11-15 08:59:03,false,Krafttrai​ning,"0,00",437,00:52:52,125,149,"2,7",--,--,--,--,--,--,--,--,--,--,--,"0,0",--,--,--,--,918,459,49,-11,Nein,00:52:52,1,00:22:22,00:52:52,--,--
Gehen,2024-11-13 08:13:58,false,Nassereith Gehen,"14,04",982,02:35:58,112,138,"2,9",127,156,11:07,7:38,281,276,"0,71",--,--,--,--,"0,0",--,--,--,--,19.872,--,--,-9,Nein,"00:00:17,5",16,02:33:31,02:35:58,819,949
Laufbandtraining,2024-11-12 11:31:39,false,Laufbandtraining,"6,00",414,00:44:47,128,141,"2,9",147,163,7:28,7:02,--,--,"0,88","9,6","8,2",312,243,"0,0",236,274,--,--,6.802,--,--,-7,Nein,"00:05:42,2",6,00:44:14,00:44:47,--,--
Krafttraining,2024-11-12 10:28:51,false,Krafttrai​ning,"0,00",321,00:42:04,119,167,"2,3",--,--,--,--,--,--,--,--,--,--,--,"0,0",--,--,--,--,960,480,45,-5,Nein,00:42:04,1,00:16:56,00:42:04,--,--
Laufbandtraining,2024-11-11 09:46:40,false,Laufbandtraining,"6,00",387,00:45:10,124,133,"2,5",152,160,7:32,5:46,--,--,"1,10","8,8","9,6",299,319,"0,0",317,349,--,--,6.832,--,--,-7,Nein,"00:02:59,0",8,00:44:59,00:45:10,--,--
Krafttraining,2024-11-11 08:35:58,false,Krafttrai​ning,"0,00",405,00:51:35,121,154,"2,4",--,--,--,--,--,--,--,--,--,--,--,"0,0",--,--,--,--,942,471,52,-10,Nein,00:51:35,1,00:22:25,00:51:35,--,--
Krafttraining,2024-11-07 09:07:13,false,Krafttrai​ning,"0,00",217,00:36:20,106,127,"1,2",--,--,--,--,--,--,--,--,--,--,--,"0,0",--,--,--,--,544,272,32,-3,Nein,00:36:20,1,00:16:42,00:36:20,--,--
Krafttraining,2024-11-06 14:33:54,false,Krafttrai​ning,"0,00",295,00:44:30,112,133,"1,9",--,--,--,--,--,--,--,--,--,--,--,"0,0",--,--,--,--,658,329,42,-4,Nein,00:44:30,1,00:18:29,00:44:30,--,--
Krafttraining,2024-11-03 08:18:55,false,Krafttrai​ning,"0,00",514,01:07:08,122,172,"2,6",--,--,--,--,--,--,--,--,--,--,--,"0,0",--,--,--,--,1.222,611,69,-12,Nein,01:07:08,1,00:26:14,01:07:08,--,--
Gehen,2024-11-01 13:05:19,false,Nassereith Gehen,"10,27",727,01:43:18,118,142,"2,6",132,184,10:04,6:37,201,195,"0,75",--,--,--,--,"0,0",--,--,--,--,13.724,--,--,-12,Nein,"00:02:58,5",11,01:42:47,01:43:18,823,896
Krafttraining,2024-10-31 08:41:02,false,Krafttrai​ning,"0,00",452,01:00:22,120,156,"2,4",--,--,--,--,--,--,--,--,--,--,--,"0,0",--,--,--,--,998,499,55,-8,Nein,01:00:22,1,00:26:42,01:00:22,--,--
Gehen,2024-10-30 10:22:49,false,Nassereith Gehen,"8,77",596,01:22:41,110,131,"2,5",136,145,9:26,7:50,89,83,"0,78",--,--,--,--,"0,0",--,--,--,--,11.352,--,--,-13,Nein,"00:07:24,8",9,01:22:38,01:22:41,799,836
Laufbandtraining,2024-10-29 10:51:49,false,Laufbandtraining,"4,00",285,00:28:07,135,152,"3,0",131,184,7:02,4:35,--,--,"0,93","8,7","7,4",312,234,"0,0",196,430,--,--,4.364,--,--,-6,Nein,"00:02:03,7",4,00:27:50,00:28:07,--,--
Krafttraining,2024-10-29 09:55:52,false,Krafttrai​ning,"0,00",318,00:37:49,123,146,"2,4",--,--,--,--,--,--,--,--,--,--,--,"0,0",--,--,--,--,776,388,37,-13,Nein,00:37:49,1,00:17:56,00:37:49,--,--
Krafttraining,2024-10-28 09:02:21,false,Krafttrai​ning,"0,00",459,00:49:47,130,156,"3,0",--,--,--,--,--,--,--,--,--,--,--,"0,0",--,--,--,--,962,481,53,-12,Nein,00:49:47,1,00:20:46,00:49:47,--,--
Krafttraining,2024-10-25 08:48:34,false,Krafttrai​ning,"0,00",305,00:47:46,111,130,"2,0",--,--,--,--,--,--,--,--,--,--,--,"0,0",--,--,--,--,870,435,47,-7,Nein,00:47:46,1,00:22:24,00:47:46,--,--
Laufbandtraining,2024-10-23 10:39:40,false,Laufbandtraining,"5,00",328,00:35:52,128,150,"2,7",155,181,7:10,3:18,--,--,"0,93","9,3","8,4",301,280,"0,0",266,566,--,--,5.550,--,--,-5,Nein,"00:00:29,2",6,00:35:30,00:35:52,--,--
Indoor Cycling,2024-10-23 09:54:28,false,Indoor Cycling,"15,10",359,00:42:45,125,134,"2,4",--,--,"21,2",--,--,--,--,--,--,--,--,"0,0",--,--,--,--,--,--,--,-5,Nein,00:42:45,1,00:00:00,00:42:45,--,--
Krafttraining,2024-10-23 08:40:15,false,Krafttrai​ning,"0,00",355,00:49:51,116,142,"2,1",--,--,--,--,--,--,--,--,--,--,--,"0,0",--,--,--,--,948,474,51,-5,Nein,00:49:51,1,00:22:01,00:49:51,--,--
Gehen,2024-10-22 09:06:05,false,Nassereith Gehen,"11,86",819,02:06:18,112,137,"2,6",127,237,10:39,5:23,187,177,"0,74",--,--,--,--,"0,0",--,--,--,--,16.126,--,--,-11,Nein,"00:09:52,8",12,02:05:00,02:06:18,816,894
Krafttraining,2024-10-22 07:51:10,false,Krafttrai​ning,"0,00",359,00:44:22,123,164,"2,5",--,--,--,--,--,--,--,--,--,--,--,"0,0",--,--,--,--,798,399,42,-7,Nein,00:44:22,1,00:17:59,00:44:22,--,--
Krafttraining,2024-10-21 10:06:24,false,Krafttrai​ning,"0,00",385,00:54:52,116,139,"2,2",--,--,--,--,--,--,--,--,--,--,--,"0,0",--,--,--,--,918,459,49,-9,Nein,00:54:52,1,00:23:12,00:54:52,--,--
Krafttraining,2024-10-19 08:59:29,false,Krafttrai​ning,"0,00",634,01:11:47,130,163,"3,2",--,--,--,--,--,--,--,--,--,--,--,"0,0",--,--,--,--,1.394,697,75,-12,Nein,01:11:47,1,00:28:19,01:11:47,--,--
Laufbandtraining,2024-10-18 15:04:35,false,Laufbandtraining,"8,02",534,01:07:40,120,142,"2,9",135,165,8:26,5:24,--,--,"1,14","8,5","9,4",296,310,"0,0",277,364,--,--,9.322,--,--,-13,Nein,"00:02:31,1",11,00:59:51,01:07:50,--,--
Krafttraining,2024-10-17 09:22:22,false,Krafttrai​ning,"0,00",368,00:51:50,116,155,"2,1",--,--,--,--,--,--,--,--,--,--,--,"0,0",--,--,--,--,994,497,53,-8,Nein,00:51:50,1,00:23:39,00:51:50,--,--
Krafttraining,2024-10-15 08:30:47,false,Krafttrai​ning,"0,00",241,00:28:45,122,140,"2,3",--,--,--,--,--,--,--,--,--,--,--,"0,0",--,--,--,--,632,316,35,-6,Nein,00:28:45,1,00:12:53,00:28:45,--,--
Gehen,2024-10-14 13:54:44,false,Nassereith Gehen,"8,90",636,01:32:00,118,142,"2,5",128,147,10:20,7:05,164,156,"0,76",--,--,--,--,"0,0",--,--,--,--,11.904,--,--,-10,Nein,"00:09:14,1",9,01:27:01,01:32:09,823,889
Krafttraining,2024-10-14 10:46:53,false,Krafttrai​ning,"0,00",326,00:45:33,115,152,"2,1",--,--,--,--,--,--,--,--,--,--,--,"0,0",--,--,--,--,872,436,49,-7,Nein,00:45:33,1,00:19:51,00:45:33,--,--
Laufbandtraining,2024-10-13 10:40:30,false,Laufbandtraining,"5,00",346,00:35:18,132,146,"3,0",124,185,7:04,3:06,--,--,"1,13","7,2","7,7",299,268,"0,0",215,585,--,--,5.444,--,--,-8,Nein,"00:04:00,6",5,00:35:04,00:35:18,--,--
Krafttraining,2024-10-13 09:26:51,false,Krafttrai​ning,"0,00",402,01:00:08,114,149,"2,1",--,--,--,--,--,--,--,--,--,--,--,"0,0",--,--,--,--,1.140,570,60,-9,Nein,01:00:08,1,00:26:18,01:00:08,--,--
Krafttraining,2024-10-10 10:12:59,false,Krafttrai​ning,"0,00",364,00:51:13,115,150,"2,1",--,--,--,--,--,--,--,--,--,--,--,"0,0",--,--,--,--,962,481,54,-9,Nein,00:51:13,1,00:21:30,00:51:13,--,--
Gehen,2024-10-09 08:52:35,false,Nassereith Gehen,"13,08",902,02:17:58,110,136,"2,8",126,148,10:33,6:26,221,216,"0,75",--,--,--,--,"0,0",--,--,--,--,17.456,--,--,-20,Nein,"00:00:02,0",15,02:15:51,02:19:14,811,895
Laufbandtraining,2024-10-08 09:42:37,false,Laufbandtraining,"4,00",286,00:28:42,135,148,"3,0",129,180,7:10,4:06,--,--,"0,94","8,3","7,2",332,221,"0,0",191,490,--,--,4.378,--,--,-7,Nein,"00:02:12,1",4,00:28:23,00:28:42,--,--
Krafttraining,2024-10-08 08:54:17,false,Krafttrai​ning,"0,00",266,00:39:23,113,131,"1,8",--,--,--,--,--,--,--,--,--,--,--,"0,0",--,--,--,--,1.054,527,45,-6,Nein,00:39:23,1,00:17:55,00:39:23,--,--
Krafttraining,2024-10-07 10:21:40,false,Krafttrai​ning,"0,00",342,00:48:34,116,138,"2,1",--,--,--,--,--,--,--,--,--,--,--,"0,0",--,--,--,--,760,380,43,-9,Nein,00:48:34,1,00:18:42,00:48:34,--,--
Gehen,2024-10-06 09:26:11,false,Nassereith Gehen,"11,77",823,02:06:07,113,135,"2,7",127,160,10:43,6:20,196,181,"0,74",--,--,--,--,"0,0",--,--,--,--,16.100,--,--,-18,Nein,"00:08:48,3",12,02:04:16,02:06:07,815,892
Laufbandtraining,2024-10-05 09:36:49,false,Laufbandtraining,"8,00",502,01:00:48,126,143,"2,8",149,182,7:36,3:05,--,--,"0,90","9,5","8,4",315,261,"0,0",249,576,--,--,9.250,--,--,-10,Nein,"00:00:32,1",9,01:00:32,01:00:48,--,--
Krafttraining,2024-10-05 08:29:35,false,Krafttrai​ning,"0,00",385,00:50:27,121,152,"2,4",--,--,--,--,--,--,--,--,--,--,--,"0,0",--,--,--,--,912,456,52,-9,Nein,00:50:27,1,00:21:01,00:50:27,--,--
Krafttraining,2024-10-04 14:23:51,false,Krafttrai​ning,"0,00",372,00:54:24,116,144,"2,2",--,--,--,--,--,--,--,--,--,--,--,"0,0",--,--,--,--,836,418,38,-7,Nein,00:54:24,1,00:18:16,00:54:24,--,--
Laufbandtraining,2024-10-04 10:20:37,false,Laufbandtraining,"8,00",502,01:02:42,121,147,"2,7",147,174,7:50,3:17,--,--,"1,03","9,0","9,2",305,295,"0,0",283,580,--,--,9.234,--,--,-11,Nein,"00:02:18,3",10,01:00:03,01:02:42,--,--
Gehen,2024-10-03 09:00:47,false,Nassereith Gehen,"13,79",958,02:27:23,109,133,"2,9",127,250,10:41,8:07,254,250,"0,74",--,--,--,--,"0,0",--,--,--,--,18.676,--,--,-15,Nein,"00:08:49,1",14,02:25:39,02:27:23,829,950
Laufbandtraining,2024-10-02 10:12:30,false,Laufbandtraining,"8,00",502,00:58:28,127,143,"2,9",134,174,7:19,4:19,--,--,"1,15","7,7","8,5",295,297,"0,0",258,472,--,--,8.930,--,--,-11,Nein,"00:04:31,9",9,00:58:18,00:58:28,--,--
Krafttraining,2024-10-02 09:20:28,false,Krafttrai​ning,"0,00",272,00:42:06,110,160,"1,7",--,--,--,--,--,--,--,--,--,--,--,"0,0",--,--,--,--,796,398,46,-6,Nein,00:42:06,1,00:18:18,00:42:06,--,--
Gehen,2024-10-01 09:41:26,false,Nassereith Gehen,"9,02",627,01:37:29,108,127,"2,3",126,157,10:49,5:40,145,136,"0,74",--,--,--,--,"0,0",--,--,--,--,12.350,--,--,-10,Nein,"00:00:32,3",10,01:35:52,01:37:29,828,896
Krafttraining,2024-10-01 08:36:00,false,Krafttrai​ning,"0,00",368,00:46:02,121,144,"2,4",--,--,--,--,--,--,--,--,--,--,--,"0,0",--,--,--,--,858,429,42,-8,Nein,00:46:02,1,00:17:56,00:46:02,--,--
Gehen,2024-09-30 09:39:45,false,Nassereith Gehen,"8,56",591,01:30:56,107,127,"2,3",126,143,10:38,7:48,142,136,"0,75",--,--,--,--,"0,0",--,--,--,--,11.530,--,--,-9,Nein,"00:00:12,9",11,01:29:34,01:30:56,822,892
Krafttraining,2024-09-30 08:00:48,false,Krafttrai​ning,"0,00",428,00:57:11,119,141,"2,4",--,--,--,--,--,--,--,--,--,--,--,"0,0",--,--,--,--,1.046,523,57,-8,Nein,00:57:11,1,00:25:44,00:57:11,--,--
Krafttraining,2024-09-27 08:40:24,false,Krafttrai​ning,"0,00",498,01:12:47,118,139,"2,4",--,--,--,--,--,--,--,--,--,--,--,"0,0",--,--,--,--,1.318,659,76,-13,Nein,01:12:47,1,00:28:19,01:12:47,--,--
Gehen,2024-09-25 08:43:26,false,Nassereith Gehen,"9,01",637,01:31:39,115,139,"2,4",130,148,10:11,7:28,162,153,"0,76",--,--,--,--,"0,0",--,--,--,--,11.934,--,--,-16,Nein,"00:00:10,3",10,01:29:23,01:31:39,826,893
Krafttraining,2024-09-24 08:59:59,false,Krafttrai​ning,"0,00",312,00:39:15,120,144,"2,2",--,--,--,--,--,--,--,--,--,--,--,"0,0",--,--,--,--,766,383,42,-16,Nein,00:39:15,1,00:16:53,00:39:15,--,--
Krafttraining,2024-09-23 14:37:21,false,Krafttrai​ning,"0,00",425,00:58:59,117,150,"2,2",--,--,--,--,--,--,--,--,--,--,--,"0,0",--,--,--,--,956,478,52,-8,Nein,00:58:59,1,00:20:49,00:58:59,--,--
Gehen,2024-09-22 07:59:18,false,Nassereith Gehen,"16,96",1.157,03:02:18,107,131,"3,0",125,212,10:45,6:15,294,287,"0,74",--,--,--,--,"0,0",--,--,--,--,22.938,--,--,-27,Nein,"00:09:45,1",17,03:00:20,03:02:18,813,951
Krafttraining,2024-09-21 09:16:24,false,Krafttrai​ning,"0,00",574,01:14:51,125,179,"3,0",--,--,--,--,--,--,--,--,--,--,--,"0,0",--,--,--,--,1.248,624,61,-14,Nein,01:14:51,1,00:27:13,01:14:51,--,--
Mountainbiken,2024-09-20 12:21:26,false,Nassereith Mountainbiken,"22,56",585,01:22:46,120,144,"2,8",--,--,"16,4","38,5",189,183,--,--,--,--,--,"0,0",--,--,"14,4","2,7",--,--,--,-13,Nein,00:14:08,5,01:16:34,01:22:46,784,870
Krafttraining,2024-09-20 09:42:54,false,Krafttrai​ning,"0,00",340,00:56:16,109,138,"1,9",--,--,--,--,--,--,--,--,--,--,--,"0,0",--,--,--,--,928,464,51,-9,Nein,00:56:16,1,00:23:40,00:56:16,--,--
Laufbandtraining,2024-09-19 16:19:52,false,Laufbandtraining,"6,00",373,00:43:02,124,143,"3,0",150,180,7:10,5:30,--,--,"1,14","8,6","9,5",297,320,"0,0",317,360,--,--,6.562,--,--,-9,Nein,"00:01:30,1",8,00:42:52,00:43:02,--,--
Krafttraining,2024-09-16 15:26:38,false,Krafttrai​ning,"0,00",355,00:59:36,108,139,"1,9",--,--,--,--,--,--,--,--,--,--,--,"0,0",--,--,--,--,988,494,54,-7,Nein,00:59:36,1,00:24:46,00:59:36,--,--
Gehen,2024-09-15 09:16:24,false,Nassereith Gehen,"8,96",626,01:40:16,107,133,"2,4",121,147,11:12,8:01,174,170,"0,74",--,--,--,--,"0,0",--,--,--,--,12.200,--,--,-16,Nein,00:10:03,9,01:37:05,01:40:16,825,892
Krafttraining,2024-09-14 15:52:45,false,Krafttrai​ning,"0,00",354,00:51:53,116,139,"2,2",--,--,--,--,--,--,--,--,--,--,--,"0,0",--,--,--,--,1.072,536,60,-8,Nein,00:51:53,1,00:21:34,00:51:53,--,--
Krafttraining,2024-09-13 09:17:04,false,Krafttrai​ning,"0,00",431,00:55:33,122,165,"2,7",--,--,--,--,--,--,--,--,--,--,--,"0,0",--,--,--,--,998,499,55,-11,Nein,00:55:33,1,00:23:12,00:55:33,--,--
Gehen,2024-09-12 09:45:34,false,Nassereith Gehen,"8,85",633,01:28:10,119,143,"2,7",133,154,9:57,7:38,172,157,"0,75",--,--,--,--,"0,0",--,--,--,--,11.822,--,--,-18,Nein,"00:09:08,8",9,01:27:37,01:28:10,828,897
Krafttraining,2024-09-11 15:02:02,false,Krafttrai​ning,"0,00",246,00:31:48,118,146,"2,2",--,--,--,--,--,--,--,--,--,--,--,"0,0",--,--,--,--,618,309,33,-5,Nein,00:31:48,1,00:13:39,00:31:48,--,--
Laufbandtraining,2024-09-10 09:59:02,false,Laufbandtraining,"5,00",345,00:35:28,133,148,"3,0",127,176,7:06,4:56,--,--,"1,09","7,6","7,8",296,260,"0,0",215,383,--,--,5.434,--,--,-8,Nein,"00:04:02,2",5,00:34:48,00:35:28,--,--
Krafttraining,2024-09-10 08:41:30,false,Krafttrai​ning,"0,00",431,00:52:00,126,151,"2,8",--,--,--,--,--,--,--,--,--,--,--,"0,0",--,--,--,--,902,451,54,-19,Nein,00:52:00,1,00:19:46,00:52:00,--,--
Gehen,2024-09-08 09:01:47,false,Nassereith Gehen,"14,93",1.104,02:56:34,111,133,"3,1",116,214,11:50,7:16,477,475,"0,73",--,--,--,--,"0,0",--,--,--,--,20.434,--,--,-25,Nein,"00:00:02,4",17,02:47:54,02:56:34,866,1.226
Krafttraining,2024-09-07 08:55:24,false,Krafttrai​ning,"0,00",407,00:53:12,122,150,"2,6",--,--,--,--,--,--,--,--,--,--,--,"0,0",--,--,--,--,1.050,525,56,-9,Nein,00:53:12,1,00:24:01,00:53:12,--,--
Mountainbiken,2024-09-06 13:08:55,false,Nassereith Mountainbiken,"21,20",722,01:23:31,133,155,"3,5",--,--,"15,2","38,5",319,317,--,--,--,--,--,"0,0",--,--,"30,1","3,1",--,--,--,-13,Nein,"00:06:12,1",5,01:23:12,01:23:31,796,952
Krafttraining,2024-09-04 08:26:24,false,Krafttrai​ning,"0,00",430,00:56:50,121,147,"2,5",--,--,--,--,--,--,--,--,--,--,--,"0,0",--,--,--,--,1.020,510,57,-11,Nein,00:56:50,1,00:24:28,00:56:50,--,--
Gehen,2024-09-03 08:58:54,false,Nassereith Gehen,"14,10",981,02:33:20,112,134,"3,0",122,158,10:53,5:42,275,272,"0,75",--,--,--,--,"0,0",--,--,--,--,18.932,--,--,-24,Nein,"00:01:25,2",15,02:28:40,02:33:20,822,951
Krafttraining,2024-09-02 10:04:05,false,Krafttrai​ning,"0,00",284,00:39:47,117,136,"2,1",--,--,--,--,--,--,--,--,--,--,--,"0,0",--,--,--,--,804,402,39,-6,Nein,00:39:47,1,00:18:14,00:39:47,--,--
Krafttraining,2024-09-01 09:25:04,false,Krafttrai​ning,"0,00",396,00:55:41,117,141,"2,3",--,--,--,--,--,--,--,--,--,--,--,"0,0",--,--,--,--,1.064,532,59,-9,Nein,00:55:41,1,00:23:19,00:55:41,--,--
Laufbandtraining,2024-08-29 11:01:16,false,Laufbandtraining,"4,00",273,00:27:18,134,147,"3,0",142,180,6:50,3:28,--,--,"1,32","7,0","8,7",265,355,"0,0",307,557,--,--,4.408,--,--,-6,Nein,"00:04:02,1",5,00:26:51,00:27:18,--,--
Gehen,2024-08-29 09:03:54,false,Nassereith Gehen,"7,87",564,01:26:00,112,137,"2,5",125,154,10:56,8:51,198,195,"0,73",--,--,--,--,"0,0",--,--,--,--,10.856,--,--,-12,Nein,"00:09:31,2",8,01:25:19,01:26:00,860,972
Krafttraining,2024-08-28 10:46:54,false,Krafttrai​ning,"0,00",226,00:29:47,117,131,"2,0",--,--,--,--,--,--,--,--,--,--,--,"0,0",--,--,--,--,608,304,29,-5,Nein,00:29:47,1,00:13:19,00:29:47,--,--
Krafttraining,2024-08-27 09:12:43,false,Krafttrai​ning,"0,00",450,00:56:25,123,152,"2,7",--,--,--,--,--,--,--,--,--,--,--,"0,0",--,--,--,--,1.142,571,62,-11,Nein,00:56:25,1,00:24:25,00:56:25,--,--
Gehen,2024-08-26 09:19:56,false,Nassereith Gehen,"9,00",617,01:36:30,110,140,"2,4",126,161,10:44,7:40,163,160,"0,74",--,--,--,--,"0,0",--,--,--,--,12.230,--,--,-14,Nein,"00:09:59,2",9,01:35:32,01:36:30,826,894
Krafttraining,2024-08-23 10:31:01,false,Krafttrai​ning,"0,00",266,00:29:03,127,151,"2,6",--,--,--,--,--,--,--,--,--,--,--,"0,0",--,--,--,--,508,254,33,-8,Nein,00:29:03,1,00:13:24,00:29:03,--,--
Krafttraining,2024-08-21 10:30:51,false,Krafttrai​ning,"0,00",315,00:45:06,114,151,"2,1",--,--,--,--,--,--,--,--,--,--,--,"0,0",--,--,--,--,874,437,52,-14,Nein,00:45:06,1,00:17:39,00:45:06,--,--
Gehen,2024-08-20 08:55:59,false,Nassereith Gehen,"11,75",812,02:01:13,112,135,"2,8",127,162,10:19,5:55,186,183,"0,77",--,--,--,--,"0,0",--,--,--,--,15.538,--,--,-18,Nein,"00:08:40,8",12,01:57:44,02:01:13,811,894
Krafttraining,2024-08-19 08:09:16,false,Krafttrai​ning,"0,00",297,00:40:03,118,157,"2,3",--,--,--,--,--,--,--,--,--,--,--,"0,0",--,--,--,--,702,351,40,-12,Nein,00:40:03,1,00:17:56,00:40:03,--,--
Gehen,2024-08-18 09:22:34,false,Nassereith Gehen,"8,53",577,01:30:48,106,128,"2,4",126,145,10:39,8:23,142,145,"0,75",--,--,--,--,"0,0",--,--,--,--,11.498,--,--,-13,Nein,"00:05:51,5",9,01:30:17,01:30:48,825,891
Krafttraining,2024-08-18 08:24:39,false,Krafttrai​ning,"0,00",293,00:45:24,112,149,"2,0",--,--,--,--,--,--,--,--,--,--,--,"0,0",--,--,--,--,810,405,42,-7,Nein,00:45:24,1,00:19:38,00:45:24,--,--
Laufbandtraining,2024-08-16 09:21:23,false,Laufbandtraining,"4,00",268,00:28:26,131,145,"2,8",113,203,7:06,5:22,--,--,"1,03","7,3","6,9",312,194,"0,0",156,326,--,--,4.468,--,--,-9,Nein,"00:00:21,7",4,00:28:02,00:28:26,--,--
Gehen,2024-08-15 09:18:51,false,Nassereith Gehen,"8,50",579,01:35:22,106,124,"2,3",121,145,11:13,8:23,139,137,"0,73",--,--,--,--,"0,0",--,--,--,--,11.804,--,--,-8,Nein,"00:05:59,2",9,01:34:37,01:35:22,828,895
Krafttraining,2024-08-15 07:58:17,false,Krafttrai​ning,"0,00",435,00:56:08,122,165,"2,6",--,--,--,--,--,--,--,--,--,--,--,"0,0",--,--,--,--,1.076,538,54,-8,Nein,00:56:08,1,00:21:30,00:56:08,--,--
Mountainbiken,2024-08-14 09:08:08,false,Nassereith Mountainbiken,"26,76",694,01:38:41,123,148,"3,0",--,--,"16,3","34,6",282,281,--,--,--,--,--,"0,0",--,--,"20,8","2,5",--,--,--,-23,Nein,"00:08:53,5",6,01:35:42,01:38:41,782,891
Krafttraining,2024-08-13 09:01:46,false,Krafttrai​ning,"0,00",441,00:54:08,124,160,"3,0",--,--,--,--,--,--,--,--,--,--,--,"0,0",--,--,--,--,916,458,52,-10,Nein,00:54:08,1,00:23:14,00:54:08,--,--
Krafttraining,2024-08-10 10:22:26,false,Krafttrai​ning,"0,00",419,01:00:27,117,139,"2,3",--,--,--,--,--,--,--,--,--,--,--,"0,0",--,--,--,--,1.140,570,61,-9,Nein,01:00:27,1,00:26:17,01:00:27,--,--
Gehen,2024-08-09 09:26:09,false,Nassereith Gehen,"13,95",1.074,02:45:54,118,144,"3,1",115,156,11:53,6:59,424,415,"0,73",--,--,--,--,"0,0",--,--,--,--,19.296,--,--,-20,Nein,"00:09:10,5",14,02:34:47,02:47:09,864,1.219
Krafttraining,2024-08-08 15:38:37,false,Krafttrai​ning,"0,00",265,00:40:48,111,132,"1,8",--,--,--,--,--,--,--,--,--,--,--,"0,0",--,--,--,--,746,373,47,-9,Nein,00:40:48,1,00:17:39,00:40:48,--,--
Mountainbiken,2024-08-07 09:02:14,false,Nassereith Mountainbiken,"30,93",820,01:47:47,127,149,"3,4",--,--,"17,2","35,9",287,283,--,--,--,--,--,"0,0",--,--,"21,2","2,5",--,--,--,-15,Nein,"00:00:13,4",8,01:44:30,01:47:47,747,875
Krafttraining,2024-08-06 16:48:57,false,Krafttrai​ning,"0,00",415,00:54:20,121,149,"2,5",--,--,--,--,--,--,--,--,--,--,--,"0,0",--,--,--,--,984,492,44,-5,Nein,00:54:20,1,00:25:04,00:54:20,--,--
Gehen,2024-08-06 09:09:36,false,Nassereith Gehen,"8,49",583,01:29:34,109,134,"2,5",125,158,10:33,8:30,138,134,"0,76",--,--,--,--,"0,0",--,--,--,--,11.356,--,--,-13,Nein,"00:05:44,1",9,01:28:09,01:29:34,826,893
Krafttraining,2024-08-04 08:07:48,false,Krafttrai​ning,"0,00",322,00:47:33,113,148,"2,1",--,--,--,--,--,--,--,--,--,--,--,"0,0",--,--,--,--,728,364,36,-7,Nein,00:47:33,1,00:22:54,00:47:33,--,--
Laufbandtraining,2024-08-03 09:29:50,false,Laufbandtraining,"5,00",352,00:36:27,133,155,"3,1",145,248,7:17,3:49,--,--,"0,89","9,3","8,0",310,250,"0,0",228,511,--,--,5.560,--,--,-8,Nein,"00:04:14,0",5,00:35:53,00:36:27,--,--
Indoor Cycling,2024-08-03 08:33:35,false,Indoor Cycling,"20,00",486,00:53:41,129,142,"3,2",--,--,"22,4",--,--,--,--,--,--,--,--,"0,0",--,--,--,--,--,--,--,-18,Nein,00:53:41,1,00:00:00,00:53:41,--,--
Krafttraining,2024-08-02 09:18:13,false,Krafttrai​ning,"0,00",431,00:54:26,122,151,"2,8",--,--,--,--,--,--,--,--,--,--,--,"0,0",--,--,--,--,790,395,44,-12,Nein,00:54:26,1,00:25:13,00:54:26,--,--
Gehen,2024-07-30 09:34:40,false,Nauders Gehen,"9,43",1.674,05:24:07,113,144,"2,6",25,160,34:22,3:14,674,731,"1,64",--,--,--,--,"0,0",--,--,--,--,12.136,--,--,-28,Nein,"00:00:09,0",11,03:08:18,05:24:07,2.114,2.740
Krafttraining,2024-07-29 10:03:41,false,Krafttrai​ning,"0,00",250,00:44:23,103,139,"1,4",--,--,--,--,--,--,--,--,--,--,--,"0,0",--,--,--,--,700,350,32,-6,Nein,00:44:23,1,00:21:56,00:44:23,--,--
Laufbandtraining,2024-07-28 08:05:33,false,Laufbandtraining,"10,00",583,01:14:30,121,146,"2,8",152,195,7:27,2:36,--,--,"1,19","8,4","9,9",296,351,"0,0",337,664,--,--,11.356,--,--,-19,Nein,"00:02:17,8",14,01:13:56,01:14:30,--,--
Krafttraining,2024-07-27 09:03:18,false,Krafttrai​ning,"0,00",548,01:04:47,127,154,"3,0",--,--,--,--,--,--,--,--,--,--,--,"0,0",--,--,--,--,1.020,510,51,-22,Nein,01:04:47,1,00:29:52,01:04:47,--,--
Laufbandtraining,2024-07-24 10:36:43,false,Laufbandtraining,"6,00",369,00:42:31,124,143,"2,7",151,199,7:05,2:29,--,--,"1,22","7,8","9,1",276,358,"0,0",321,653,--,--,6.854,--,--,-10,Nein,"00:04:12,9",8,00:41:24,00:42:31,--,--
Krafttraining,2024-07-23 11:05:54,false,Krafttrai​ning,"0,00",434,00:55:52,120,145,"2,5",--,--,--,--,--,--,--,--,--,--,--,"0,0",--,--,--,--,1.018,509,44,-12,Nein,00:55:52,1,00:26:46,00:55:52,--,--
Gehen,2024-07-21 09:39:14,false,Nassereith Gehen,"11,89",815,02:00:35,108,137,"2,7",128,228,10:08,6:08,184,176,"0,77",--,--,--,--,"0,0",--,--,--,--,15.826,--,--,-18,Nein,"00:09:24,1",12,01:59:53,02:00:35,815,896
Krafttraining,2024-07-20 17:59:44,false,Krafttrai​ning,"0,00",241,00:36:45,108,135,"1,7",--,--,--,--,--,--,--,--,--,--,--,"0,0",--,--,--,--,626,313,31,-5,Nein,00:36:45,1,00:19:18,00:36:45,--,--
Krafttraining,2024-07-18 10:13:28,false,Krafttrai​ning,"0,00",453,00:59:02,120,142,"2,5",--,--,--,--,--,--,--,--,--,--,--,"0,0",--,--,--,--,982,491,44,-9,Nein,00:59:02,1,00:28:22,00:59:02,--,--
Gehen,2024-07-17 16:55:30,false,Nassereith Gehen,"8,50",602,01:17:57,119,141,"2,6",138,161,9:10,5:16,140,139,"0,79",--,--,--,--,"0,0",--,--,--,--,10.814,--,--,-10,Nein,"00:05:17,9",9,01:17:16,01:17:57,826,893
Krafttraining,2024-07-16 09:13:14,false,Krafttrai​ning,"0,00",469,00:53:41,126,157,"2,8",--,--,--,--,--,--,--,--,--,--,--,"0,0",--,--,--,--,820,410,41,-11,Nein,00:53:41,1,00:25:31,00:53:41,--,--
Gehen,2024-07-15 08:42:43,false,Nassereith Gehen,"3,34",237,00:34:45,104,130,"1,7",127,182,10:25,7:40,40,35,"0,76",--,--,--,--,"0,0",--,--,--,--,4.492,--,--,-10,Nein,"00:03:42,3",4,00:33:21,00:34:45,844,879
Laufbandtraining,2024-07-14 08:39:28,false,Laufbandtraining,"6,00",430,00:42:02,135,152,"3,5",125,248,7:00,3:17,--,--,"1,17","7,1","7,7",289,273,"0,0",217,568,--,--,6.782,--,--,-12,Nein,"00:04:31,9",6,00:41:25,00:42:02,--,--
Gehen,2024-07-13 09:12:48,false,Nassereith Gehen,"8,89",620,01:29:53,112,135,"2,5",126,171,10:07,6:08,162,157,"0,77",--,--,--,--,"0,0",--,--,--,--,11.646,--,--,-13,Nein,"00:09:11,0",9,01:27:46,01:29:53,828,896
Krafttraining,2024-07-13 07:52:39,false,Krafttrai​ning,"0,00",297,00:42:14,114,134,"2,0",--,--,--,--,--,--,--,--,--,--,--,"0,0",--,--,--,--,694,347,33,-7,Nein,00:42:14,1,00:18:45,00:42:14,--,--
Krafttraining,2024-07-11 10:41:53,false,Krafttrai​ning,"0,00",324,00:47:04,113,142,"2,0",--,--,--,--,--,--,--,--,--,--,--,"0,0",--,--,--,--,944,472,37,-8,Nein,00:47:04,1,00:22:11,00:47:04,--,--
Mountainbiken,2024-07-09 10:01:55,false,Nassereith Mountainbiken,"16,61",574,01:05:48,130,154,"3,1",--,--,"15,1","39,6",214,213,--,--,--,--,--,"0,0",--,--,"23,2","5,4",--,--,--,-14,Nein,00:13:19,4,01:00:54,01:05:48,797,875
Krafttraining,2024-07-09 09:01:28,false,Krafttrai​ning,"0,00",297,00:43:41,112,144,"2,0",--,--,--,--,--,--,--,--,--,--,--,"0,0",--,--,--,--,666,333,34,-9,Nein,00:43:41,1,00:21:41,00:43:41,--,--
Gehen,2024-07-08 09:33:54,false,Nassereith Gehen,"8,99",634,01:31:02,112,134,"2,6",129,150,10:08,3:56,165,155,"0,77",--,--,--,--,"0,0",--,--,--,--,11.840,--,--,-17,Nein,"00:09:10,8",9,01:29:18,01:31:02,828,898
Krafttraining,2024-07-07 08:58:18,false,Krafttrai​ning,"0,00",410,00:55:30,119,149,"2,4",--,--,--,--,--,--,--,--,--,--,--,"0,0",--,--,--,--,914,457,42,-10,Nein,00:55:30,1,00:27:57,00:55:30,--,--
Krafttraining,2024-07-05 07:45:25,false,Krafttrai​ning,"0,00",462,01:10:05,115,149,"2,3",--,--,--,--,--,--,--,--,--,--,--,"0,0",--,--,--,--,866,433,39,-13,Nein,01:10:05,1,00:27:24,01:10:05,--,--
Gehen,2024-07-04 07:54:43,false,Nassereith Gehen,"11,90",803,01:59:33,107,129,"2,8",131,154,10:03,7:07,184,179,"0,76",--,--,--,--,"0,0",--,--,--,--,15.710,--,--,-23,Nein,"00:09:15,9",12,01:59:08,02:01:33,818,897
Krafttraining,2024-07-03 16:23:45,false,Krafttrai​ning,"0,00",249,00:30:06,123,154,"2,4",--,--,--,--,--,--,--,--,--,--,--,"0,0",--,--,--,--,240,120,7,-6,Nein,00:30:06,1,00:24:56,00:30:06,--,--
Krafttraining,2024-07-01 16:27:09,false,Krafttrai​ning,"0,00",254,00:40:29,109,143,"1,9",--,--,--,--,--,--,--,--,--,--,--,"0,0",--,--,--,--,638,319,32,-10,Nein,00:40:29,1,00:19:46,00:40:29,--,--
Laufbandtraining,2024-06-30 19:20:20,false,Laufbandtraining,"5,00",307,00:34:26,126,146,"2,9",128,176,6:53,3:41,--,--,"1,11","7,3","7,6",283,284,"0,0",221,542,--,--,5.538,--,--,-13,Nein,"00:04:54,3",5,00:34:17,00:34:26,--,--
Krafttraining,2024-06-29 10:42:36,false,Krafttrai​ning,"0,00",456,01:01:20,121,140,"2,5",--,--,--,--,--,--,--,--,--,--,--,"0,0",--,--,--,--,926,463,46,-10,Nein,01:01:20,1,00:31:22,01:01:20,--,--
Krafttraining,2024-06-27 17:46:45,false,Krafttrai​ning,"0,00",258,00:29:37,126,157,"2,5",--,--,--,--,--,--,--,--,--,--,--,"0,0",--,--,--,--,188,94,7,-4,Nein,00:29:37,1,00:23:47,00:29:37,--,--
Gehen,2024-06-26 09:21:17,false,Nassereith Gehen,"8,12",567,01:26:14,114,139,"2,4",124,160,10:37,6:55,128,126,"0,76",--,--,--,--,"0,0",--,--,--,--,10.932,--,--,-12,Nein,"00:01:51,8",9,01:24:47,01:26:14,839,894
Mountainbiken,2024-06-25 10:31:27,false,Nassereith Mountainbiken,"24,29",680,01:25:00,129,153,"3,2",--,--,"17,1","41,7",211,210,--,--,--,--,--,"0,0",--,--,"14,8","2,7",--,--,--,-16,Nein,00:15:02,5,01:23:42,01:28:27,785,872
Krafttraining,2024-06-24 16:39:31,false,Krafttrai​ning,"0,00",404,00:54:20,119,165,"2,5",--,--,--,--,--,--,--,--,--,--,--,"0,0",--,--,--,--,918,459,41,-8,Nein,00:54:20,1,00:26:22,00:54:20,--,--
Laufbandtraining,2024-06-23 17:01:11,false,Laufbandtraining,"6,00",397,00:42:17,131,152,"3,2",132,190,7:03,2:41,--,--,"1,03","7,8","7,6",287,292,"0,0",220,636,--,--,6.670,--,--,-13,Nein,"00:03:23,1",6,00:41:08,00:42:17,--,--
Gehen,2024-06-22 11:02:31,false,Nassereith Gehen,"8,47",597,01:25:01,119,136,"2,5",132,155,10:02,6:20,139,133,"0,76",--,--,--,--,"0,0",--,--,--,--,11.308,--,--,-12,Nein,"00:05:21,9",9,01:24:21,01:25:01,827,894
Krafttraining,2024-06-22 09:42:25,false,Krafttrai​ning,"0,00",415,00:56:42,119,153,"2,3",--,--,--,--,--,--,--,--,--,--,--,"0,0",--,--,--,--,874,437,43,-11,Nein,00:56:42,1,00:28:07,00:56:42,--,--
Krafttraining,2024-06-20 15:09:13,false,Krafttrai​ning,"0,00",433,01:07:31,114,152,"2,2",--,--,--,--,--,--,--,--,--,--,--,"0,0",--,--,--,--,1.204,602,49,-8,Nein,01:07:31,1,00:31:22,01:07:31,--,--
Gehen,2024-06-18 07:47:00,false,Nassereith Gehen,"13,93",1.048,02:45:27,110,138,"2,9",113,159,11:53,6:28,421,409,"0,75",--,--,--,--,"0,0",--,--,--,--,19.196,--,--,-22,Nein,"00:09:17,9",14,02:36:41,02:55:55,858,1.217
Krafttraining,2024-06-17 14:59:42,false,Krafttrai​ning,"0,00",301,00:49:34,108,138,"1,6",--,--,--,--,--,--,--,--,--,--,--,"0,0",--,--,--,--,846,423,37,-6,Nein,00:49:34,1,00:24:40,00:49:34,--,--
Gehen,2024-06-16 09:20:39,false,Nassereith Gehen,"8,91",598,01:34:41,103,126,"2,4",126,139,10:37,7:36,162,157,"0,75",--,--,--,--,"0,0",--,--,--,--,11.974,--,--,-12,Nein,"00:09:46,5",9,01:34:14,01:34:41,827,892
Krafttraining,2024-06-15 17:14:13,false,Krafttrai​ning,"0,00",242,00:32:29,118,157,"2,2",--,--,--,--,--,--,--,--,--,--,--,"0,0",--,--,--,--,208,104,7,-14,Nein,00:32:29,1,00:26:36,00:32:29,--,--
Krafttraining,2024-06-13 17:48:36,false,Krafttrai​ning,"0,00",380,00:52:24,118,142,"2,4",--,--,--,--,--,--,--,--,--,--,--,"0,0",--,--,--,--,926,463,43,-5,Nein,00:52:24,1,00:25:33,00:52:24,--,--
Laufbandtraining,2024-06-12 17:49:26,false,Laufbandtraining,"6,00",352,00:41:43,124,149,"2,9",144,182,6:57,2:50,--,--,"1,06","8,2","8,1",291,288,"0,0",252,618,--,--,6.672,--,--,-8,Nein,"00:00:16,1",7,00:41:14,00:41:43,--,--
Krafttraining,2024-06-11 16:46:15,false,Krafttrai​ning,"0,00",341,00:52:19,113,145,"2,1",--,--,--,--,--,--,--,--,--,--,--,"0,0",--,--,--,--,812,406,40,-7,Nein,00:52:19,1,00:25:09,00:52:19,--,--
Gehen,2024-06-09 08:54:40,false,Nassereith Gehen,"12,04",863,01:59:37,123,144,"2,9",130,155,9:56,6:46,182,173,"0,77",--,--,--,--,"0,0",--,--,--,--,15.816,--,--,-19,Nein,"00:00:56,9",13,01:57:33,01:59:37,815,896
Krafttraining,2024-06-08 17:12:55,false,Krafttrai​ning,"0,00",403,00:58:04,115,133,"2,2",--,--,--,--,--,--,--,--,--,--,--,"0,0",--,--,--,--,1.062,531,47,-7,Nein,00:58:04,1,00:27:38,00:58:04,--,--
Gehen,2024-06-06 12:34:30,false,Nassereith Gehen,"8,72",624,01:29:02,118,147,"2,5",129,156,10:13,8:07,162,158,"0,76",--,--,--,--,"0,0",--,--,--,--,11.542,--,--,-13,Nein,"00:07:51,8",9,01:28:07,01:29:02,824,890
Krafttraining,2024-06-05 17:06:22,false,Krafttrai​ning,"0,00",347,00:48:35,116,150,"2,1",--,--,--,--,--,--,--,--,--,--,--,"0,0",--,--,--,--,756,378,37,-5,Nein,00:48:35,1,00:22:43,00:48:35,--,--
Laufbandtraining,2024-06-04 19:27:02,false,Laufbandtraining,"5,00",328,00:36:38,125,146,"3,0",136,180,7:20,4:09,--,--,"1,01","8,1","7,8",297,262,"0,0",225,478,--,--,5.668,--,--,-7,Nein,"00:06:02,2",5,00:36:13,00:36:38,--,--
Krafttraining,2024-06-03 16:21:48,false,Krafttrai​ning,"0,00",301,00:31:18,131,161,"2,9",--,--,--,--,--,--,--,--,--,--,--,"0,0",--,--,--,--,256,128,7,-9,Nein,00:31:18,1,00:23:58,00:31:18,--,--
Gehen,2024-06-02 07:25:31,false,Nassereith Gehen,"11,83",828,01:58:02,117,136,"2,7",133,147,9:59,7:19,185,182,"0,75",--,--,--,--,"0,0",--,--,--,--,15.778,--,--,-18,Nein,"00:09:01,5",12,01:56:26,01:58:02,814,893
Laufbandtraining,2024-06-01 11:19:19,false,Laufbandtraining,"4,00",304,00:27:39,137,152,"3,1",135,188,6:55,2:46,--,--,"1,09","7,7","7,8",279,337,"0,0",244,598,--,--,4.366,--,--,-7,Nein,"00:04:49,4",4,00:26:56,00:27:39,--,--
Indoor Cycling,2024-06-01 10:37:16,false,Indoor Cycling,"15,00",361,00:40:37,123,140,"2,5",--,--,"22,2",--,--,--,--,--,--,--,--,"0,0",--,--,--,--,--,--,--,-8,Nein,"00:00:08,1",2,00:00:00,00:40:37,--,--
Krafttraining,2024-05-31 17:14:02,false,Krafttrai​ning,"0,00",496,01:40:26,100,139,"2,2",--,--,--,--,--,--,--,--,--,--,--,"0,0",--,--,--,--,870,435,37,-12,Nein,01:40:26,1,00:24:25,01:40:26,--,--
Krafttraining,2024-05-29 09:08:34,false,Krafttrai​ning,"0,00",317,00:33:02,130,161,"2,9",--,--,--,--,--,--,--,--,--,--,--,"0,0",--,--,--,--,228,114,7,-9,Nein,00:33:02,1,00:23:51,00:33:02,--,--
Gehen,2024-05-28 10:55:08,false,Nassereith Gehen,"3,31",226,00:33:46,100,120,"1,5",129,146,10:11,5:05,38,34,"0,76",--,--,--,--,"0,0",--,--,--,--,4.492,--,--,-7,Nein,"00:00:01,3",7,00:32:08,00:38:17,840,873
Krafttraining,2024-05-27 16:31:53,false,Krafttrai​ning,"0,00",324,00:54:08,109,136,"1,8",--,--,--,--,--,--,--,--,--,--,--,"0,0",--,--,--,--,946,473,42,-10,Nein,00:54:08,1,00:27:55,00:54:26,--,--
Gehen,2024-05-26 09:29:19,false,Nassereith Gehen,"8,65",619,01:23:16,120,145,"2,7",134,152,9:37,4:50,142,138,"0,78",--,--,--,--,"0,0",--,--,--,--,11.280,--,--,-16,Nein,"00:06:58,0",9,01:22:24,01:23:16,824,890
Laufbandtraining,2024-05-24 16:33:23,false,Laufbandtraining,"10,00",621,01:12:10,128,149,"3,2",144,174,7:13,3:35,--,--,"1,08","8,4","8,6",297,285,"0,0",264,542,--,--,11.274,--,--,-14,Nein,"00:04:18,8",11,01:11:44,01:12:10,--,--
Krafttraining,2024-05-23 17:07:00,false,Krafttrai​ning,"0,00",422,01:01:27,116,140,"2,3",--,--,--,--,--,--,--,--,--,--,--,"0,0",--,--,--,--,1.082,541,51,-9,Nein,01:01:27,1,00:28:54,01:01:27,--,--
Indoor Cycling,2024-05-22 16:48:01,false,Indoor Cycling,"20,10",353,00:54:56,113,125,"2,0",--,--,"22,0",--,--,--,--,--,--,--,--,"0,0",--,--,--,--,--,--,--,-7,Nein,00:54:56,1,00:00:00,00:54:56,--,--
Krafttraining,2024-05-21 17:44:30,false,Krafttrai​ning,"0,00",273,00:44:37,109,145,"1,6",--,--,--,--,--,--,--,--,--,--,--,"0,0",--,--,--,--,744,372,35,-8,Nein,00:44:37,1,00:22:34,00:44:37,--,--
Gehen,2024-05-20 08:59:57,false,Nassereith Gehen,"8,99",632,01:30:43,116,142,"2,6",129,147,10:05,4:19,166,157,"0,77",--,--,--,--,"0,0",--,--,--,--,11.830,--,--,-18,Nein,"00:09:21,3",9,01:30:02,01:30:43,828,896
Krafttraining,2024-05-19 19:00:36,false,Krafttrai​ning,"0,00",267,00:37:59,115,135,"2,1",--,--,--,--,--,--,--,--,--,--,--,"0,0",--,--,--,--,644,322,30,-7,Nein,00:37:59,1,00:19:14,00:37:59,--,--
Laufbandtraining,2024-05-18 07:54:24,false,Laufbandtraining,"5,00",326,00:34:27,131,151,"3,2",132,186,6:53,3:04,--,--,"0,99","8,2","7,3",298,260,"0,0",202,568,--,--,5.518,--,--,-10,Nein,"00:01:13,7",5,00:33:59,00:34:27,--,--
Krafttraining,2024-05-17 09:47:42,false,Krafttrai​ning,"0,00",280,00:33:59,124,161,"2,6",--,--,--,--,--,--,--,--,--,--,--,"0,0",--,--,--,--,240,120,9,-7,Nein,00:33:59,1,00:25:23,00:33:59,--,--
Krafttraining,2024-05-15 15:29:45,false,Krafttrai​ning,"0,00",429,00:54:47,123,148,"2,6",--,--,--,--,--,--,--,--,--,--,--,"0,0",--,--,--,--,888,444,43,-17,Nein,00:54:47,1,00:26:31,00:54:47,--,--
Gehen,2024-05-12 08:39:03,false,Nauders Gehen,"10,97",771,01:52:49,114,138,"2,9",126,155,10:17,6:34,150,145,"0,78",--,--,--,--,"0,0",--,--,--,--,14.210,--,--,-7,Nein,"00:02:42,3",13,01:44:31,01:52:49,1.349,1.463
Krafttraining,2024-05-11 09:27:28,false,Krafttrai​ning,"0,00",294,00:37:33,119,164,"2,4",--,--,--,--,--,--,--,--,--,--,--,"0,0",--,--,--,--,746,373,34,-7,Nein,00:37:33,1,00:18:19,00:37:33,--,--
Gehen,2024-05-09 13:23:17,false,Nassereith Gehen,"8,49",605,01:20:51,123,142,"2,6",134,212,9:31,7:36,135,134,"0,78",--,--,--,--,"0,0",--,--,--,--,10.974,--,--,-11,Nein,"00:05:23,1",9,01:20:01,01:20:51,826,891
Krafttraining,2024-05-09 11:55:14,false,Krafttrai​ning,"0,00",438,00:59:11,118,145,"2,4",--,--,--,--,--,--,--,--,--,--,--,"0,0",--,--,--,--,1.004,502,46,-9,Nein,00:59:11,1,00:28:25,00:59:11,--,--
Laufbandtraining,2024-05-07 18:01:48,false,Laufbandtraining,"5,00",339,00:35:01,130,153,"3,1",153,192,7:00,2:46,--,--,"1,03","8,6","8,5",290,319,"0,0",281,626,--,--,5.636,--,--,-7,Nein,"00:01:41,8",6,00:34:31,00:35:01,--,--
Krafttraining,2024-05-06 17:03:33,false,Krafttrai​ning,"0,00",501,01:05:06,120,151,"2,8",--,--,--,--,--,--,--,--,--,--,--,"0,0",--,--,--,--,1.014,507,49,-10,Nein,01:05:06,1,00:32:09,01:05:06,--,--
Gehen,2024-05-05 08:47:50,false,Nassereith Gehen,"11,85",810,02:01:38,108,135,"2,8",129,236,10:16,4:29,184,182,"0,76",--,--,--,--,"0,0",--,--,--,--,15.850,--,--,-23,Nein,"00:09:29,0",12,02:00:56,02:01:38,812,892
Krafttraining,2024-05-04 18:43:19,false,Krafttrai​ning,"0,00",369,00:53:10,115,146,"2,2",--,--,--,--,--,--,--,--,--,--,--,"0,0",--,--,--,--,788,394,37,-8,Nein,00:53:10,1,00:23:48,00:53:10,--,--
Laufbandtraining,2024-05-03 18:07:28,false,Laufbandtraining,"5,00",313,00:34:43,126,150,"3,0",149,176,6:57,3:15,--,--,"0,98","8,6","8,0",291,270,"0,0",251,574,--,--,5.598,--,--,-6,Nein,"00:05:31,8",5,00:34:37,00:34:43,--,--
Krafttraining,2024-05-02 07:36:43,false,Krafttrai​ning,"0,00",466,00:52:21,129,171,"3,1",--,--,--,--,--,--,--,--,--,--,--,"0,0",--,--,--,--,1.078,539,43,-11,Nein,00:52:21,1,00:26:28,00:52:21,--,--
Krafttraining,2024-04-29 08:18:05,false,Krafttrai​ning,"0,00",439,00:51:46,125,153,"2,7",--,--,--,--,--,--,--,--,--,--,--,"0,0",--,--,--,--,784,392,40,-10,Nein,00:51:46,1,00:24:15,00:51:46,--,--
Gehen,2024-04-28 08:49:35,false,Nassereith Gehen,"8,73",615,01:27:17,116,142,"2,5",132,153,10:00,7:02,163,157,"0,76",--,--,--,--,"0,0",--,--,--,--,11.658,--,--,-10,Nein,"00:07:38,1",9,01:26:42,01:27:17,822,890
Krafttraining,2024-04-27 08:26:52,false,Krafttrai​ning,"0,00",310,00:30:32,133,159,"3,0",--,--,--,--,--,--,--,--,--,--,--,"0,0",--,--,--,--,256,128,7,-8,Nein,00:30:32,1,00:24:37,00:30:32,--,--
Laufbandtraining,2024-04-26 13:32:06,false,Laufbandtraining,"8,00",490,00:58:19,128,147,"3,1",145,180,7:17,4:17,--,--,"0,98","8,8","8,3",301,254,"0,0",236,437,--,--,9.054,--,--,-9,Nein,"00:06:40,1",8,00:57:53,00:58:19,--,--
Laufbandtraining,2024-04-25 09:28:08,false,Laufbandtraining,"4,00",289,00:27:43,138,155,"3,2",143,198,6:56,2:41,--,--,"1,03","8,0","7,9",281,305,"0,0",245,602,--,--,4.366,--,--,-8,Nein,"00:00:37,8",5,00:27:09,00:27:43,--,--
Krafttraining,2024-04-25 08:00:36,false,Krafttrai​ning,"0,00",589,01:08:14,129,156,"3,2",--,--,--,--,--,--,--,--,--,--,--,"0,0",--,--,--,--,1.066,533,50,-16,Nein,01:08:14,1,00:32:04,01:08:14,--,--
Krafttraining,2024-04-20 07:22:26,false,Krafttrai​ning,"0,00",220,00:39:19,104,125,"1,2",--,--,--,--,--,--,--,--,--,--,--,"0,0",--,--,--,--,452,226,30,-6,Nein,00:39:19,1,00:18:00,00:39:19,--,--
Gehen,2024-04-14 09:55:03,false,Nassereith Gehen,"8,86",615,01:26:25,118,139,"2,4",133,244,9:45,5:57,158,154,"0,77",--,--,--,--,"0,0",--,--,--,--,11.596,--,--,-10,Nein,"00:08:04,9",9,01:25:46,01:26:25,826,894
Krafttraining,2024-04-14 08:58:27,false,Krafttrai​ning,"0,00",294,00:36:01,118,139,"2,2",--,--,--,--,--,--,--,--,--,--,--,"0,0",--,--,--,--,502,251,27,-5,Nein,00:36:01,1,00:17:35,00:36:01,--,--
Krafttraining,2024-04-13 08:31:57,false,Krafttrai​ning,"0,00",509,00:51:05,132,155,"3,1",--,--,--,--,--,--,--,--,--,--,--,"0,0",--,--,--,--,894,447,38,-17,Nein,00:51:05,1,00:26:54,00:51:05,--,--
Laufbandtraining,2024-04-11 09:58:53,false,Laufbandtraining,"4,00",276,00:27:46,129,145,"2,7",142,193,6:56,3:00,--,--,"0,99","8,6","7,7",291,286,"0,0",228,555,--,--,4.434,--,--,-6,Nein,"00:04:46,1",4,00:27:19,00:27:46,--,--
Krafttraining,2024-04-11 08:37:44,false,Krafttrai​ning,"0,00",394,00:49:09,120,142,"2,4",--,--,--,--,--,--,--,--,--,--,--,"0,0",--,--,--,--,968,484,40,-8,Nein,00:49:09,1,00:24:16,00:49:09,--,--
Gehen,2024-04-09 09:09:41,false,Nassereith Gehen,"11,93",785,01:57:10,108,130,"2,6",132,188,9:49,5:29,172,166,"0,77",--,--,--,--,"0,0",--,--,--,--,15.684,--,--,-17,Nein,00:09:14,12,01:56:08,02:00:07,813,890
Krafttraining,2024-04-08 14:00:06,false,Krafttrai​ning,"0,00",375,00:53:04,116,147,"2,2",--,--,--,--,--,--,--,--,--,--,--,"0,0",--,--,--,--,848,424,40,-10,Nein,00:53:04,1,00:25:44,00:53:04,--,--
Mountainbiken,2024-04-07 15:08:28,false,Nassereith Mountainbiken,"22,23",673,01:15:15,132,154,"3,4",--,--,"17,7","35,5",193,193,--,--,--,--,--,"0,0",--,--,"13,0","2,3",--,--,--,-10,Nein,00:10:22,5,01:14:32,01:15:15,784,871
Krafttraining,2024-04-06 10:51:27,false,Krafttrai​ning,"0,00",299,00:39:24,118,165,"2,3",--,--,--,--,--,--,--,--,--,--,--,"0,0",--,--,--,--,720,360,29,-7,Nein,00:39:24,1,00:18:27,00:39:24,--,--
Laufbandtraining,2024-04-05 11:12:59,false,Laufbandtraining,"5,00",322,00:37:38,124,150,"2,5",146,193,7:32,2:33,--,--,"1,11","8,5","8,9",298,301,"0,0",269,643,--,--,5.730,--,--,-6,Nein,"00:04:05,6",6,00:37:11,00:37:38,--,--
Krafttraining,2024-04-05 09:41:35,false,Krafttrai​ning,"0,00",487,01:07:54,118,153,"2,6",--,--,--,--,--,--,--,--,--,--,--,"0,0",--,--,--,--,1.122,561,50,-12,Nein,01:07:54,1,00:33:45,01:07:54,--,--
Laufbandtraining,2024-04-04 16:22:36,false,Laufbandtraining,"4,47",327,00:30:30,140,155,"3,3",138,190,6:50,3:44,--,--,"0,91","8,9","7,2",289,238,"0,0",192,506,--,--,4.992,--,--,-6,Nein,"00:00:08,3",5,00:29:51,00:30:30,--,--
Krafttraining,2024-04-04 15:50:02,false,Krafttrai​ning,"0,00",216,00:30:05,114,139,"2,0",--,--,--,--,--,--,--,--,--,--,--,"0,0",--,--,--,--,420,210,19,-6,Nein,00:30:05,1,00:13:50,00:30:05,--,--
Krafttraining,2024-04-02 14:31:49,false,Krafttrai​ning,"0,00",402,00:48:26,124,151,"2,6",--,--,--,--,--,--,--,--,--,--,--,"0,0",--,--,--,--,736,368,37,-7,Nein,00:48:26,1,00:22:49,00:48:26,--,--
Gehen,2024-03-31 09:56:23,false,Nassereith Gehen,"8,49",601,01:21:21,126,143,"2,5",134,158,9:35,5:34,140,138,"0,78",--,--,--,--,"0,0",--,--,--,--,11.020,--,--,-11,Nein,"00:05:20,9",9,01:20:51,01:21:21,822,887
Krafttraining,2024-03-31 09:13:19,false,Krafttrai​ning,"0,00",244,00:28:08,123,145,"2,3",--,--,--,--,--,--,--,--,--,--,--,"0,0",--,--,--,--,496,248,24,-5,Nein,00:28:08,1,00:14:50,00:28:08,--,--
Krafttraining,2024-03-30 09:26:11,false,Krafttrai​ning,"0,00",464,00:58:02,123,156,"2,6",--,--,--,--,--,--,--,--,--,--,--,"0,0",--,--,--,--,904,452,43,-11,Nein,00:58:02,1,00:26:48,00:58:02,--,--
Krafttraining,2024-03-27 08:24:37,false,Krafttrai​ning,"0,00",339,00:41:19,123,141,"2,4",--,--,--,--,--,--,--,--,--,--,--,"0,0",--,--,--,--,900,450,29,-7,Nein,00:41:19,1,00:19:42,00:41:19,--,--
Laufbandtraining,2024-03-26 10:13:06,false,Laufbandtraining,"5,00",329,00:33:53,132,153,"3,0",156,206,6:47,2:14,--,--,"1,17","8,1","8,7",276,379,"0,0",311,716,--,--,5.546,--,--,-7,Nein,"00:01:21,7",7,00:33:30,00:33:53,--,--
Indoor Cycling,2024-03-26 09:28:34,false,Indoor Cycling,"15,00",304,00:42:48,115,129,"2,0",--,--,"21,0",--,--,--,--,--,--,--,--,"0,0",--,--,--,--,--,--,--,-6,Nein,00:42:48,1,00:00:00,00:42:48,--,--
Krafttraining,2024-03-25 08:30:16,false,Krafttrai​ning,"0,00",474,01:00:03,122,146,"2,5",--,--,--,--,--,--,--,--,--,--,--,"0,0",--,--,--,--,862,431,44,-11,Nein,01:00:03,1,00:30:48,01:00:03,--,--
Krafttraining,2024-03-24 16:37:06,false,Krafttrai​ning,"0,00",270,00:33:43,120,136,"2,2",--,--,--,--,--,--,--,--,--,--,--,"0,0",--,--,--,--,590,295,26,-11,Nein,00:33:43,1,00:17:04,00:33:43,--,--
Gehen,2024-03-24 07:10:21,false,Nassereith Gehen,"8,48",574,01:29:50,111,135,"2,3",126,160,10:36,3:52,140,138,"0,75",--,--,--,--,"0,0",--,--,--,--,11.416,--,--,-12,Nein,"00:00:30,3",10,01:28:09,01:29:50,822,889
Gehen,2024-03-22 12:21:42,false,Nassereith Gehen,"8,78",618,01:24:55,124,144,"2,6",131,155,9:40,4:47,163,157,"0,79",--,--,--,--,"0,0",--,--,--,--,11.312,--,--,-9,Nein,"00:07:56,6",9,01:24:04,01:24:55,823,892
Krafttraining,2024-03-22 09:52:39,false,Krafttrai​ning,"0,00",387,00:50:43,121,144,"2,4",--,--,--,--,--,--,--,--,--,--,--,"0,0",--,--,--,--,824,412,38,-7,Nein,00:50:43,1,00:24:17,00:50:43,--,--
Laufbandtraining,2024-03-20 08:58:37,false,Laufbandtraining,"6,00",440,00:42:36,140,160,"3,4",134,190,7:06,2:43,--,--,"1,07","7,8","8,0",292,310,"0,0",232,572,--,--,6.702,--,--,-10,Nein,"00:00:40,4",7,00:41:47,00:42:36,--,--
Krafttraining,2024-03-20 08:03:36,false,Krafttrai​ning,"0,00",315,00:37:49,123,148,"2,4",--,--,--,--,--,--,--,--,--,--,--,"0,0",--,--,--,--,490,245,26,-8,Nein,00:37:49,1,00:18:50,00:37:49,--,--
Krafttraining,2024-03-19 09:45:46,false,Krafttrai​ning,"0,00",368,00:51:10,118,145,"2,2",--,--,--,--,--,--,--,--,--,--,--,"0,0",--,--,--,--,828,414,39,-7,Nein,00:51:10,1,00:27:22,00:51:10,--,--
Gehen,2024-03-18 07:51:48,false,Nauders Gehen,"11,13",775,01:53:51,120,144,"2,6",128,150,10:14,7:50,169,170,"0,76",--,--,--,--,"0,0",--,--,--,--,14.682,--,--,-12,Nein,"00:01:27,9",12,01:51:38,01:53:51,1.366,1.467
Indoor Cycling,2024-03-17 07:27:39,false,Indoor Cycling,"20,00",544,00:55:58,130,144,"3,2",--,--,"21,4",--,--,--,--,--,--,--,--,"0,0",--,--,--,--,--,--,--,-12,Nein,00:55:58,1,00:00:00,00:55:58,--,--
Krafttraining,2024-03-16 08:24:00,false,Krafttrai​ning,"0,00",571,01:01:59,131,157,"3,2",--,--,--,--,--,--,--,--,--,--,--,"0,0",--,--,--,--,1.096,548,46,-12,Nein,01:01:59,1,00:28:59,01:01:59,--,--
Gehen,2024-03-14 11:47:50,false,Nassereith Gehen,"8,67",585,01:29:33,109,132,"2,3",127,141,10:20,4:59,146,133,"0,76",--,--,--,--,"0,0",--,--,--,--,11.494,--,--,-9,Nein,"00:07:40,8",9,01:28:33,01:29:33,830,895
Krafttraining,2024-03-13 08:32:35,false,Krafttrai​ning,"0,00",645,01:05:43,135,153,"3,4",--,--,--,--,--,--,--,--,--,--,--,"0,0",--,--,--,--,1.066,533,44,-17,Nein,01:05:43,1,00:26:40,01:05:43,--,--
Krafttraining,2024-03-11 09:22:25,false,Krafttrai​ning,"0,00",398,00:52:17,119,157,"2,3",--,--,--,--,--,--,--,--,--,--,--,"0,0",--,--,--,--,734,367,36,-7,Nein,00:52:17,1,00:24:14,00:52:17,--,--
Gehen,2024-03-10 08:55:20,false,Nassereith Gehen,"16,64",1.108,02:48:23,107,143,"2,8",131,154,10:07,5:47,221,217,"0,75",--,--,--,--,"0,0",--,--,--,--,22.132,--,--,-25,Nein,"00:02:05,7",18,02:46:47,02:59:52,799,894
Laufbandtraining,2024-03-09 10:31:52,false,Laufbandtraining,"6,00",431,00:42:35,133,152,"3,2",139,188,7:06,2:47,--,--,"1,05","8,1","8,0",291,281,"0,0",232,563,--,--,6.790,--,--,-11,Nein,"00:05:19,4",6,00:41:58,00:42:35,--,--
Krafttraining,2024-03-09 09:13:54,false,Krafttrai​ning,"0,00",374,00:43:27,125,145,"2,6",--,--,--,--,--,--,--,--,--,--,--,"0,0",--,--,--,--,616,308,29,-10,Nein,00:43:27,1,00:17:37,00:43:27,--,--
Krafttraining,2024-03-08 09:15:37,false,Krafttrai​ning,"0,00",469,00:58:56,122,158,"2,6",--,--,--,--,--,--,--,--,--,--,--,"0,0",--,--,--,--,844,422,41,-13,Nein,00:58:56,1,00:26:33,00:58:56,--,--
Gehen,2024-03-07 09:24:02,false,Nassereith Gehen,"8,70",583,01:31:53,107,138,"2,2",125,140,10:33,5:48,163,155,"0,76",--,--,--,--,"0,0",--,--,--,--,11.640,--,--,-14,Nein,"00:07:43,1",9,01:30:38,01:31:53,826,892
Krafttraining,2024-03-03 09:04:41,false,Krafttrai​ning,"0,00",303,00:43:59,112,149,"2,0",--,--,--,--,--,--,--,--,--,--,--,"0,0",--,--,--,--,754,377,37,-10,Nein,00:43:59,1,00:22:00,00:43:59,--,--
Laufbandtraining,2024-03-02 09:17:31,false,Laufbandtraining,"4,00",251,00:27:38,125,140,"2,3",134,189,6:55,2:29,--,--,"1,07","8,2","7,7",290,313,"0,0",225,663,--,--,4.354,--,--,-6,Nein,"00:04:20,0",4,00:27:32,00:27:38,--,--
Indoor Cycling,2024-03-02 08:47:26,false,Indoor Cycling,"10,00",204,00:28:28,111,128,"1,5",--,--,"21,1",--,--,--,--,--,--,--,--,"0,0",--,--,--,--,--,--,--,-6,Nein,00:28:28,1,00:00:00,00:28:28,--,--
Krafttraining,2024-03-01 08:37:01,false,Krafttrai​ning,"0,00",424,00:53:32,120,148,"2,3",--,--,--,--,--,--,--,--,--,--,--,"0,0",--,--,--,--,818,409,38,-11,Nein,00:53:32,1,00:25:12,00:53:32,--,--
Gehen,2024-02-29 13:28:47,false,Nassereith Gehen,"8,48",567,01:25:11,106,128,"2,2",130,141,10:02,6:26,144,135,"0,77",--,--,--,--,"0,0",--,--,--,--,11.120,--,--,-8,Nein,"00:05:18,6",9,01:24:46,01:25:11,825,890
Gehen,2024-02-26 12:30:21,false,Nassereith Gehen,"8,92",614,01:25:25,118,143,"2,4",134,215,9:34,6:57,167,163,"0,78",--,--,--,--,"0,0",--,--,--,--,11.478,--,--,-8,Nein,"00:08:47,2",9,01:24:44,01:25:25,824,890
Krafttraining,2024-02-26 08:54:07,false,Krafttrai​ning,"0,00",356,00:45:53,119,150,"2,3",--,--,--,--,--,--,--,--,--,--,--,"0,0",--,--,--,--,856,428,33,-7,Nein,00:45:53,1,00:20:52,00:45:53,--,--
Gehen,2024-02-24 08:18:25,false,Nassereith Gehen,"8,85",604,01:53:17,100,137,"2,1",110,160,12:48,7:19,161,161,"0,71",--,--,--,--,"0,0",--,--,--,--,12.780,--,--,-7,Nein,00:11:22,9,01:47:49,01:53:17,823,889
Krafttraining,2024-02-23 08:56:33,false,Krafttrai​ning,"0,00",565,01:11:01,124,168,"2,7",--,--,--,--,--,--,--,--,--,--,--,"0,0",--,--,--,--,1.142,571,49,-9,Nein,01:11:01,1,00:34:15,01:11:01,--,--
Laufbandtraining,2024-02-22 09:25:33,false,Laufbandtraining,"8,00",577,00:57:42,133,159,"3,3",146,190,7:13,3:19,--,--,"0,91","9,2","7,7",301,263,"0,0",221,528,--,--,9.174,--,--,-12,Nein,"00:02:23,9",8,00:56:46,00:57:42,--,--
Krafttraining,2024-02-21 09:04:09,false,Krafttrai​ning,"0,00",443,00:52:24,126,159,"2,7",--,--,--,--,--,--,--,--,--,--,--,"0,0",--,--,--,--,1.060,530,38,-10,Nein,00:52:24,1,00:25:36,00:52:24,--,--
Krafttraining,2024-02-20 09:13:31,false,Krafttrai​ning,"0,00",546,01:08:37,123,148,"2,6",--,--,--,--,--,--,--,--,--,--,--,"0,0",--,--,--,--,1.096,548,48,-9,Nein,01:08:37,1,00:33:49,01:08:37,--,--
Gehen,2024-02-18 08:54:17,false,Nauders Gehen,"11,54",842,02:06:23,119,156,"2,7",122,152,10:57,5:24,173,171,"1,21",--,--,--,--,"0,0",--,--,--,--,15.654,--,--,-13,Nein,"00:05:58,9",13,01:58:00,02:06:23,1.363,1.467
Laufbandtraining,2024-02-16 09:52:38,false,Laufbandtraining,"5,00",352,00:36:10,135,159,"3,0",140,195,7:14,2:06,--,--,"1,25","7,5","8,5",273,378,"0,0",281,763,--,--,5.654,--,--,-7,Nein,"00:00:59,0",7,00:33:55,00:36:10,--,--
Indoor Cycling,2024-02-16 09:08:57,false,Indoor Cycling,"15,00",362,00:41:44,125,140,"2,6",--,--,"21,6",--,--,--,--,--,--,--,--,"0,0",--,--,--,--,--,--,--,-8,Nein,00:41:44,1,00:00:00,00:41:44,--,--
Krafttraining,2024-02-15 08:57:48,false,Krafttrai​ning,"0,00",426,00:57:35,121,148,"2,5",--,--,--,--,--,--,--,--,--,--,--,"0,0",--,--,--,--,852,426,38,-7,Nein,00:57:35,1,00:27:39,00:57:35,--,--
Krafttraining,2024-02-14 09:43:04,false,Krafttrai​ning,"0,00",489,00:54:02,131,148,"3,1",--,--,--,--,--,--,--,--,--,--,--,"0,0",--,--,--,--,996,498,38,-11,Nein,00:54:02,1,00:24:40,00:54:02,--,--
Gehen,2024-02-13 10:02:49,false,Nassereith Gehen,"11,72",787,02:00:46,114,133,"2,6",128,167,10:18,6:52,180,179,"0,76",--,--,--,--,"0,0",--,--,--,--,15.542,--,--,-16,Nein,"00:08:08,7",12,01:58:23,02:00:46,815,890
Laufbandtraining,2024-02-12 10:13:39,false,Laufbandtraining,"6,00",414,00:44:08,130,149,"3,2",133,240,7:21,3:09,--,--,"0,98","8,6","7,5",294,258,"0,0",201,557,--,--,7.058,--,--,-9,Nein,"00:02:34,2",6,00:43:34,00:44:08,--,--
Krafttraining,2024-02-12 08:39:47,false,Krafttrai​ning,"0,00",448,00:50:25,129,163,"3,0",--,--,--,--,--,--,--,--,--,--,--,"0,0",--,--,--,--,692,346,32,-10,Nein,00:50:25,1,00:24:10,00:50:25,--,--
Krafttraining,2024-02-11 08:37:40,false,Krafttrai​ning,"0,00",327,00:32:22,137,161,"3,2",--,--,--,--,--,--,--,--,--,--,--,"0,0",--,--,--,--,298,149,7,-8,Nein,00:32:22,1,00:24:34,00:32:22,--,--
Krafttraining,2024-02-09 08:57:58,false,Krafttrai​ning,"0,00",461,01:27:42,107,167,"2,8",--,--,--,--,--,--,--,--,--,--,--,"0,0",--,--,--,--,704,352,29,-12,Nein,01:27:42,1,00:20:14,01:27:42,--,--
Laufbandtraining,2024-02-08 12:09:18,false,Laufbandtraining,"5,00",323,00:34:52,129,149,"3,1",147,196,6:58,2:31,--,--,"1,08","7,6","7,8",271,313,"0,0",257,631,--,--,5.798,--,--,-7,Nein,"00:01:44,3",6,00:34:00,00:34:52,--,--
Krafttraining,2024-02-08 08:55:03,false,Krafttrai​ning,"0,00",450,01:05:27,119,158,"2,4",--,--,--,--,--,--,--,--,--,--,--,"0,0",--,--,--,--,1.016,508,47,-10,Nein,01:05:27,1,00:30:28,01:05:27,--,--
Indoor Cycling,2024-02-07 09:16:33,false,Indoor Cycling,"20,10",432,00:55:26,122,136,"2,5",--,--,"21,8",--,--,--,--,--,--,--,--,"0,0",--,--,--,--,--,--,--,-11,Nein,00:55:26,1,00:00:00,00:55:26,--,--
Krafttraining,2024-02-06 08:48:42,false,Krafttrai​ning,"0,00",530,01:08:38,124,153,"2,7",--,--,--,--,--,--,--,--,--,--,--,"0,0",--,--,--,--,1.148,574,49,-11,Nein,01:08:38,1,00:31:40,01:08:38,--,--
Gehen,2024-02-05 09:04:23,false,Nauders Gehen,"11,16",779,01:57:38,120,139,"2,6",128,155,10:33,7:10,171,168,"0,74",--,--,--,--,"0,0",--,--,--,--,15.316,--,--,-14,Nein,"00:02:43,8",12,01:54:20,01:57:38,1.366,1.464
Gehen,2024-02-03 09:20:59,false,Nassereith Gehen,"8,52",584,01:21:48,115,146,"2,4",134,209,9:36,7:27,140,134,"0,78",--,--,--,--,"0,0",--,--,--,--,11.076,--,--,-12,Nein,"00:05:41,7",9,01:20:55,01:21:48,827,892
Krafttraining,2024-02-02 08:16:24,false,Krafttrai​ning,"0,00",564,01:12:28,124,159,"3,0",--,--,--,--,--,--,--,--,--,--,--,"0,0",--,--,--,--,1.148,574,49,-12,Nein,01:12:28,1,00:33:02,01:12:28,--,--
Laufbandtraining,2024-01-31 08:27:57,false,Laufbandtraining,"8,00",600,00:58:34,135,158,"3,7",126,181,7:19,2:50,--,--,"1,07","7,5","7,6",287,290,"0,0",205,576,--,--,9.220,--,--,-20,Nein,"00:04:02,2",8,00:57:50,00:58:34,--,--
Krafttraining,2024-01-30 08:52:53,false,Krafttrai​ning,"0,00",247,00:27:09,125,165,"2,4",--,--,--,--,--,--,--,--,--,--,--,"0,0",--,--,--,--,674,337,21,-11,Nein,00:27:09,1,00:12:21,00:27:09,--,--
Krafttraining,2024-01-29 08:23:50,false,Krafttrai​ning,"0,00",557,01:00:56,128,157,"3,0",--,--,--,--,--,--,--,--,--,--,--,"0,0",--,--,--,--,794,397,41,-13,Nein,01:00:56,1,00:26:30,01:00:56,--,--
Gehen,2024-01-27 09:04:16,false,Nassereith Gehen,"8,94",590,01:31:11,101,125,"2,3",130,150,10:12,6:05,161,155,"0,75",--,--,--,--,"0,0",--,--,--,--,12.032,--,--,-13,Nein,"00:09:31,6",9,01:30:09,01:31:11,823,890
Krafttraining,2024-01-26 15:52:55,false,Krafttrai​ning,"0,00",159,00:28:49,100,133,"1,0",--,--,--,--,--,--,--,--,--,--,--,"0,0",--,--,--,--,496,248,25,-3,Nein,00:28:49,1,00:14:44,00:28:49,--,--
Krafttraining,2024-01-24 08:31:14,false,Krafttrai​ning,"0,00",436,01:00:34,119,161,"2,4",--,--,--,--,--,--,--,--,--,--,--,"0,0",--,--,--,--,1.072,536,44,-11,Nein,01:00:34,1,00:29:07,01:00:34,--,--
Gehen,2024-01-23 09:12:13,false,Nassereith Gehen,"8,73",598,01:39:03,105,128,"2,2",119,158,11:20,6:05,135,140,"0,74",--,--,--,--,"0,0",--,--,--,--,12.114,--,--,-11,Nein,"00:00:06,2",10,01:32:23,01:39:09,826,891
Laufbandtraining,2024-01-22 09:58:30,false,Laufbandtraining,"4,00",276,00:31:31,116,181,"3,0",126,184,7:53,3:02,--,--,"1,06","7,8","7,7",302,263,"0,0",200,572,--,--,4.162,--,--,-8,Nein,"00:00:01,3",8,00:30:54,00:31:38,--,--
Krafttraining,2024-01-22 08:49:26,false,Krafttrai​ning,"0,00",345,00:50:07,104,137,"2,2",--,--,--,--,--,--,--,--,--,--,--,"0,0",--,--,--,--,752,376,35,-11,Nein,00:50:07,1,00:24:30,00:50:07,--,--
Skifahren (Piste),2024-01-20 10:22:22,false,Nauders Skifahren (Piste),"18,19",384,01:44:08,79,127,"0,9",--,--,"22,9","89,4",3.614,3.611,--,--,--,--,--,"0,0",--,--,--,--,--,--,--,-7,Nein,"00:00:33,3",7,01:31:40,01:44:08,1.410,2.655
Indoor Cycling,2024-01-17 08:14:36,false,Indoor Cycling,"25,00",623,01:12:50,119,130,"3,1",--,--,"20,6",--,--,--,--,--,--,--,--,"0,0",--,--,--,--,--,--,--,-11,Nein,01:12:50,1,00:00:00,01:12:50,--,--
Gehen,2024-01-16 10:16:03,false,Nassereith Gehen,"3,32",246,00:35:16,112,131,"1,6",128,188,10:38,6:38,41,37,"0,73",--,--,--,--,"0,0",--,--,--,--,4.540,--,--,-4,Nein,"00:04:35,1",4,00:32:53,00:35:16,839,873
Krafttraining,2024-01-16 09:06:48,false,Krafttrai​ning,"0,00",323,00:39:00,113,142,"2,3",--,--,--,--,--,--,--,--,--,--,--,"0,0",--,--,--,--,884,442,31,-14,Nein,00:39:00,1,00:19:46,00:39:00,--,--
Krafttraining,2024-01-15 08:52:36,false,Krafttrai​ning,"0,00",420,00:52:21,112,142,"2,6",--,--,--,--,--,--,--,--,--,--,--,"0,0",--,--,--,--,850,425,42,-8,Nein,00:52:21,1,00:26:09,00:52:21,--,--
Laufbandtraining,2024-01-14 08:15:00,false,Laufbandtraining,"8,00",605,00:59:29,128,152,"3,5",122,248,7:26,2:42,--,--,"1,19","6,8","7,6",280,325,"0,0",213,602,--,--,8.938,--,--,-15,Nein,"00:03:56,8",9,00:58:47,00:59:29,--,--
Krafttraining,2024-01-13 08:59:15,false,Krafttrai​ning,"0,00",430,00:55:11,112,154,"2,6",--,--,--,--,--,--,--,--,--,--,--,"0,0",--,--,--,--,1.126,563,41,-9,Nein,00:55:11,1,00:29:14,00:55:11,--,--
Gehen,2024-01-12 10:17:21,false,Imst Gehen,"1,42",113,00:19:14,92,105,"0,9",97,145,13:34,7:28,2,--,"0,76",--,--,--,--,"0,0",--,--,--,--,1.904,--,--,-3,Nein,"00:04:45,4",2,00:14:36,00:19:26,717,720
Krafttraining,2024-01-11 09:01:44,false,Krafttrai​ning,"0,00",418,00:56:03,113,149,"2,8",--,--,--,--,--,--,--,--,--,--,--,"0,0",--,--,--,--,894,447,40,-10,Nein,00:56:03,1,00:27:56,00:56:03,--,--
Gehen,2024-01-07 08:20:09,false,Nassereith Gehen,"8,58",586,01:32:38,105,128,"2,4",125,145,10:48,6:11,139,141,"0,74",--,--,--,--,"0,0",--,--,--,--,11.754,--,--,-13,Nein,"00:06:59,0",9,01:29:46,01:32:38,822,887
Krafttraining,2024-01-07 07:41:34,false,Krafttrai​ning,"0,00",165,00:21:04,113,133,"2,1",--,--,--,--,--,--,--,--,--,--,--,"0,0",--,--,--,--,474,237,18,-5,Nein,00:21:04,1,00:11:03,00:21:04,--,--
Indoor Cycling,2024-01-07 07:00:23,false,Indoor Cycling,"10,00",250,00:28:25,117,129,"2,6",--,--,"21,1",--,--,--,--,--,--,--,--,"0,0",--,--,--,--,--,--,--,-8,Nein,00:28:25,1,00:00:00,00:28:25,--,--
Krafttraining,2024-01-06 08:40:34,false,Krafttrai​ning,"0,00",320,00:49:38,105,150,"2,3",--,--,--,--,--,--,--,--,--,--,--,"0,0",--,--,--,--,798,399,35,-9,Nein,00:49:38,1,00:27:04,00:49:38,--,--
Laufbandtraining,2024-01-04 11:58:36,false,Laufbandtraining,"8,00",534,01:02:09,125,164,"3,5",125,203,7:46,2:16,--,--,"1,51","6,4","9,1",278,338,"0,0",279,721,--,--,9.510,--,--,-10,Nein,"00:00:52,0",12,01:00:35,01:02:09,--,--
Krafttraining,2024-01-04 08:45:36,false,Krafttrai​ning,"0,00",299,00:40:47,108,152,"2,4",--,--,--,--,--,--,--,--,--,--,--,"0,0",--,--,--,--,950,475,32,-5,Nein,00:40:47,1,00:20:58,00:40:47,--,--
Laufbandtraining,2024-01-03 08:41:47,false,Laufbandtraining,"4,00",235,00:28:38,113,144,"3,2",94,174,7:10,4:04,--,--,"1,43","5,0","7,0",293,214,"0,0",148,471,--,--,4.246,--,--,-5,Nein,"00:05:45,8",4,00:28:04,00:28:38,--,--
Krafttraining,2024-01-03 07:37:44,false,Krafttrai​ning,"0,00",447,00:50:56,118,151,"3,1",--,--,--,--,--,--,--,--,--,--,--,"0,0",--,--,--,--,830,415,38,-13,Nein,00:50:56,1,00:24:37,00:50:56,--,--
Skifahren (Piste),2023-12-30 12:00:31,false,Nauders Skifahren (Piste),"18,93",460,02:24:31,75,141,"0,7",--,--,"20,1","76,9",3.489,4.084,--,--,--,--,--,"0,0",--,--,--,--,--,--,--,-9,Nein,00:06:33,8,01:44:17,02:24:31,1.399,2.661
Krafttraining,2023-12-29 08:17:42,false,Krafttrai​ning,"0,00",145,00:22:46,100,123,"1,4",--,--,--,--,--,--,--,--,--,--,--,"0,0",--,--,--,--,378,189,20,-4,Nein,00:22:46,1,00:11:34,00:22:46,--,--
Indoor Cycling,2023-12-29 07:08:49,false,Indoor Cycling,"20,00",419,00:54:51,111,129,"2,5",--,--,"21,9",--,--,--,--,--,--,--,--,"0,0",--,--,--,--,--,--,--,-12,Nein,00:54:51,1,00:00:00,00:54:51,--,--
Krafttraining,2023-12-28 08:39:59,false,Krafttrai​ning,"0,00",308,00:48:12,102,131,"2,0",--,--,--,--,--,--,--,--,--,--,--,"0,0",--,--,--,--,614,307,34,-9,Nein,00:48:12,1,00:23:37,00:48:12,--,--
Gehen,2023-12-27 10:20:50,false,Nassereith Gehen,"8,50",599,01:29:12,109,155,"2,8",130,150,10:30,5:33,139,135,"0,73",--,--,--,--,"0,0",--,--,--,--,11.686,--,--,-12,Nein,"00:06:16,2",9,01:26:44,01:29:12,825,893
